timestamp,temperature,visibility,uvIndex,drivingDifficultyIndex,precip6Hour,relativeHumidity,snow6Hour,snowMtd,windSpeed
2022-02-01 00:00:00,-6.6,16.09,0,0,0.1,86.5,0.2,61.8,15.5
2022-02-01 01:00:00,-6.7,16.09,0,0,0.1,86.0,0.2,61.8,14.8
2022-02-01 02:00:00,-7.1,16.09,0,0,0.0,87.8,0.1,61.8,14.8
2022-02-01 03:00:00,-7.4,13.68,0,0,0.0,86.5,0.0,61.8,14.4
2022-02-01 04:00:00,-7.5,11.65,0,0,0.0,84.7,0.0,61.8,13.0
2022-02-01 05:00:00,-7.8,7.24,0,0,0.0,86.9,0.0,61.8,11.9
2022-02-01 06:00:00,-7.8,4.83,0,0,0.0,85.2,0.2,62.0,13.7
2022-02-01 07:00:00,-7.8,14.83,0,0,0.0,85.2,0.2,62.0,9.0
2022-02-01 08:00:00,-7.8,12.93,0,0,0.0,84.7,0.1,61.9,10.8
2022-02-01 09:00:00,-7.6,16.09,0,0,0.0,84.7,0.0,61.8,9.7
2022-02-01 10:00:00,-7.4,14.47,0,0,0.0,85.2,0.0,61.8,10.4
2022-02-01 11:00:00,-7.2,12.98,0,0,0.0,84.3,0.0,61.8,7.6
2022-02-01 12:00:00,-7.0,15.01,0,0,0.0,85.2,0.0,0.0,6.8
2022-02-01 13:00:00,-7.2,12.13,0,0,0.0,86.9,0.0,0.0,6.1
2022-02-01 14:00:00,-8.0,7.45,0,0,0.0,88.2,0.0,0.0,6.1
2022-02-01 15:00:00,-7.8,9.24,0,0,0.0,87.3,0.0,0.0,4.3
2022-02-01 16:00:00,-8.7,4.83,0,0,0.0,89.5,0.1,0.1,7.2
2022-02-01 17:00:00,-8.5,14.23,0,0,0.0,87.3,0.0,0.1,5.0
2022-02-01 18:00:00,-8.9,8.73,0,0,0.0,87.8,0.1,0.1,4.3
2022-02-01 19:00:00,-9.1,10.23,0,0,0.0,87.3,0.0,0.0,7.6
2022-02-01 20:00:00,-8.8,10.76,0,0,0.0,87.3,0.0,0.0,7.2
2022-02-01 21:00:00,-9.1,11.85,0,0,0.0,86.0,0.0,0.0,7.9
2022-02-01 22:00:00,-9.0,4.83,0,0,0.0,84.3,0.0,0.0,9.7
2022-02-01 23:00:00,-8.5,4.83,0,0,0.0,86.5,0.0,0.0,7.6
2022-02-02 00:00:00,-8.8,14.11,0,0,0.0,85.6,0.0,0.0,7.6
2022-02-02 01:00:00,-8.2,13.4,0,0,0.0,84.7,0.0,0.0,8.3
2022-02-02 02:00:00,-8.1,7.23,0,0,0.0,85.2,0.0,0.0,9.0
2022-02-02 03:00:00,-8.5,4.83,0,0,0.0,86.0,0.0,0.0,9.0
2022-02-02 04:00:00,-7.7,9.38,0,0,0.0,82.7,0.0,0.0,6.8
2022-02-02 05:00:00,-8.2,11.2,0,0,0.0,86.9,0.0,0.0,10.1
2022-02-02 06:00:00,-8.4,4.83,0,0,0.0,84.7,0.0,0.1,7.6
2022-02-02 07:00:00,-7.3,4.83,0,0,0.0,82.7,0.0,0.0,5.4
2022-02-02 08:00:00,-7.4,8.05,0,0,0.0,85.2,0.0,0.0,4.7
2022-02-02 09:00:00,-7.1,11.23,0,0,0.0,84.3,0.0,0.0,4.7
2022-02-02 10:00:00,-6.5,14.69,0,0,0.0,84.7,0.0,0.0,7.2
2022-02-02 11:00:00,-6.3,12.9,0,0,0.0,82.7,0.0,0.0,4.3
2022-02-02 12:00:00,-6.3,12.92,0,0,0.0,84.3,0.0,0.0,6.5
2022-02-02 13:00:00,-7.4,12.42,0,0,0.0,87.3,0.0,0.0,6.8
2022-02-02 14:00:00,-7.0,13.54,0,0,0.0,86.0,0.0,0.0,5.4
2022-02-02 15:00:00,-8.0,11.33,0,0,0.0,87.3,0.0,0.0,6.8
2022-02-02 16:00:00,-8.2,9.8,0,0,0.0,89.1,0.0,0.0,8.6
2022-02-02 17:00:00,-8.8,10.47,0,0,0.0,89.5,0.0,0.0,9.0
2022-02-02 18:00:00,-9.3,11.32,0,0,0.0,91.8,0.0,0.0,7.6
2022-02-02 19:00:00,-9.6,12.16,0,0,0.0,90.9,0.0,0.0,7.6
2022-02-02 20:00:00,-8.7,12.01,0,0,0.0,88.6,0.0,0.0,5.0
2022-02-02 21:00:00,-10.0,11.67,0,0,0.0,90.0,0.0,0.0,7.6
2022-02-02 22:00:00,-10.3,11.2,0,0,0.0,88.2,0.0,0.0,7.2
2022-02-02 23:00:00,-10.2,11.33,0,0,0.0,90.4,0.0,0.0,7.2
2022-02-03 00:00:00,-10.3,10.35,0,0,0.0,91.3,0.0,0.0,4.3
2022-02-03 01:00:00,-10.7,10.42,0,0,0.0,90.0,0.0,0.0,5.8
2022-02-03 02:00:00,-10.6,10.13,0,0,0.0,93.7,0.0,0.0,6.1
2022-02-03 03:00:00,-10.3,7.96,0,0,0.0,90.9,0.0,0.0,4.7
2022-02-03 04:00:00,-9.8,7.33,0,0,0.0,89.1,0.0,0.0,5.4
2022-02-03 05:00:00,-9.4,6.44,0,0,0.0,88.6,0.0,0.0,5.0
2022-02-03 06:00:00,-9.2,8.3,0,0,0.0,87.8,0.0,0.0,3.6
2022-02-03 07:00:00,-8.8,6.74,0,0,0.0,89.1,0.0,0.0,6.1
2022-02-03 08:00:00,-8.4,6.44,0,0,0.0,89.5,0.0,0.0,5.8
2022-02-03 09:00:00,-7.7,6.44,0,0,0.0,87.8,0.0,0.0,6.1
2022-02-03 10:00:00,-7.4,11.35,0,0,0.0,86.9,0.0,0.0,4.0
2022-02-03 11:00:00,-7.2,12.45,0,0,0.0,84.7,0.0,0.1,4.0
2022-02-03 12:00:00,-7.6,13.63,0,0,0.0,85.2,0.0,0.0,6.1
2022-02-03 13:00:00,-9.0,11.2,0,0,0.0,86.9,0.0,0.0,7.2
2022-02-03 14:00:00,-9.6,10.76,0,0,0.0,87.8,0.0,0.0,7.2
2022-02-03 15:00:00,-9.7,10.96,0,0,0.0,75.5,0.0,0.0,4.0
2022-02-03 16:00:00,-9.8,10.46,0,0,0.0,74.4,0.0,0.0,4.7
2022-02-03 17:00:00,-9.9,11.11,0,0,0.0,88.2,0.0,0.0,3.6
2022-02-03 18:00:00,-9.5,10.95,0,0,0.0,88.6,0.0,0.0,6.8
2022-02-03 19:00:00,-8.8,9.25,0,0,0.0,80.2,0.0,0.0,5.0
2022-02-03 20:00:00,-9.0,8.52,0,0,0.0,91.3,0.0,0.0,7.6
2022-02-03 21:00:00,-8.8,2.41,0,0,0.0,77.1,0.0,0.0,4.0
2022-02-03 22:00:00,-8.5,7.56,0,0,0.0,90.9,0.0,0.0,7.6
2022-02-03 23:00:00,-8.3,6.44,0,0,0.0,91.8,0.0,0.0,7.6
2022-02-04 00:00:00,-8.0,7.27,0,0,0.0,93.2,0.0,0.0,8.3
2022-02-04 01:00:00,-7.5,9.07,0,0,0.0,94.1,0.0,0.0,9.0
2022-02-04 02:00:00,-6.6,10.28,0,0,0.0,93.2,0.0,0.0,11.9
2022-02-04 03:00:00,-5.5,10.26,0,0,0.0,94.1,0.0,0.0,10.4
2022-02-04 04:00:00,-4.4,13.61,0,0,0.0,97.5,0.0,0.0,8.6
2022-02-04 05:00:00,-3.6,16.09,0,0,0.0,93.7,0.0,0.0,16.2
2022-02-04 06:00:00,-3.7,16.09,0,0,0.0,91.8,0.0,0.0,22.0
2022-02-04 07:00:00,-3.6,16.09,0,0,0.0,91.8,0.0,0.0,23.4
2022-02-04 08:00:00,-3.7,16.09,0,0,0.0,90.9,0.0,0.0,27.7
2022-02-04 09:00:00,-3.5,16.09,0,0,0.0,88.2,0.0,0.0,27.7
2022-02-04 10:00:00,-3.3,16.09,0,0,0.0,85.2,0.0,0.0,27.7
2022-02-04 11:00:00,-3.0,16.09,0,0,0.0,82.7,0.0,0.0,31.0
2022-02-04 12:00:00,-3.0,16.09,0,0,0.0,85.2,0.0,0.0,29.9
2022-02-04 13:00:00,-2.5,16.09,0,0,0.0,81.0,0.0,0.0,28.4
2022-02-04 14:00:00,-2.7,7.7,0,0,0.0,77.8,0.0,0.0,31.3
2022-02-04 15:00:00,-2.9,0.62,0,75,0.6,83.9,0.7,0.7,32.8
2022-02-04 16:00:00,-3.0,0.4,0,75,2.5,91.3,3.2,3.2,32.0
2022-02-04 17:00:00,-2.7,0.4,0,75,4.8,92.3,5.9,5.9,29.2
2022-02-04 18:00:00,-2.7,0.4,0,75,7.2,92.3,8.7,8.7,28.1
2022-02-04 19:00:00,-2.4,0.87,0,75,8.6,90.0,10.4,10.3,25.9
2022-02-04 20:00:00,-2.3,16.09,0,0,8.5,91.8,10.0,9.9,29.5
2022-02-04 21:00:00,-2.0,13.39,0,66,7.5,91.3,8.9,9.7,28.4
2022-02-04 22:00:00,-1.9,13.34,0,0,5.1,90.4,6.0,9.4,30.2
2022-02-04 23:00:00,-1.7,0.86,0,72,3.3,91.8,3.8,9.8,34.6
2022-02-05 00:00:00,-1.7,0.47,0,75,2.7,91.8,2.9,10.9,34.9
2022-02-05 01:00:00,-1.8,0.69,0,75,2.5,91.3,2.6,12.0,34.9
2022-02-05 02:00:00,-1.8,0.68,0,75,3.4,93.2,3.5,12.9,34.2
2022-02-05 03:00:00,-1.7,0.68,0,75,3.9,93.2,4.1,13.4,32.0
2022-02-05 04:00:00,-1.4,0.88,0,75,4.5,92.7,4.7,14.0,32.0
2022-02-05 05:00:00,-1.4,0.59,0,75,4.9,94.1,5.0,14.4,31.7
2022-02-05 06:00:00,-1.1,0.4,0,75,5.0,95.6,5.0,15.2,28.4
2022-02-05 07:00:00,-0.9,0.56,0,75,5.6,96.0,5.3,16.3,28.8
2022-02-05 08:00:00,-0.7,0.55,0,75,5.8,95.1,5.3,17.0,25.9
2022-02-05 09:00:00,-0.3,1.18,0,75,6.2,94.6,5.5,17.8,24.8
2022-02-05 10:00:00,-0.3,0.66,0,75,5.9,94.6,4.9,17.9,22.3
2022-02-05 11:00:00,-0.3,0.72,0,75,6.3,97.5,5.1,18.7,22.0
2022-02-05 12:00:00,0.5,1.29,0,75,5.3,97.5,4.2,18.6,20.9
2022-02-05 13:00:00,0.6,1.17,0,75,4.5,98.5,3.5,18.9,13.3
2022-02-05 14:00:00,0.6,6.44,0,69,3.4,98.5,2.6,18.6,13.3
2022-02-05 15:00:00,0.8,16.09,0,0,2.4,93.7,1.9,18.4,16.2
2022-02-05 16:00:00,0.5,12.25,0,0,1.6,91.8,1.1,18.1,15.8
2022-02-05 17:00:00,0.3,16.09,0,66,1.0,91.8,0.6,18.2,13.0
2022-02-05 18:00:00,-0.1,2.41,0,0,0.6,91.8,0.3,18.2,13.3
2022-02-05 19:00:00,-0.1,11.06,0,0,0.3,91.3,0.1,18.2,11.5
2022-02-05 20:00:00,-0.3,12.13,0,0,0.1,93.2,0.1,18.2,10.4
2022-02-05 21:00:00,-0.3,16.09,0,0,0.1,90.4,0.1,18.2,11.9
2022-02-05 22:00:00,-1.4,16.09,0,0,0.1,84.7,0.1,18.2,7.9
2022-02-05 23:00:00,-1.3,16.09,0,0,0.0,90.4,0.0,18.2,8.6
2022-02-06 00:00:00,-1.3,16.09,0,0,0.0,97.5,0.0,18.2,11.5
2022-02-06 01:00:00,-1.5,16.09,0,0,0.0,100.0,0.0,18.2,12.6
2022-02-06 02:00:00,-0.7,7.61,0,0,0.0,100.0,0.0,18.2,20.2
2022-02-06 03:00:00,-0.6,0.5,0,16,0.0,100.0,0.0,18.2,17.3
2022-02-06 04:00:00,0.7,10.94,0,0,0.0,97.5,0.0,18.2,18.0
2022-02-06 05:00:00,0.8,13.11,0,0,0.0,97.0,0.0,18.2,20.2
2022-02-06 06:00:00,1.0,15.43,0,0,0.0,94.6,0.0,18.2,21.2
2022-02-06 07:00:00,0.9,16.09,0,0,0.0,94.6,0.0,18.2,23.0
2022-02-06 08:00:00,0.8,1.52,0,66,0.2,97.0,0.1,18.3,25.9
2022-02-06 09:00:00,0.8,0.5,0,75,1.4,97.5,0.8,19.0,28.1
2022-02-06 10:00:00,0.7,0.65,0,75,2.7,97.5,1.6,19.8,32.4
2022-02-06 11:00:00,0.7,0.95,0,75,3.9,97.5,2.3,20.6,28.4
2022-02-06 12:00:00,1.0,7.38,0,75,3.8,96.5,2.2,20.6,25.9
2022-02-06 13:00:00,1.2,3.73,0,34,3.6,96.5,2.1,20.3,24.8
2022-02-06 14:00:00,1.2,4.55,0,34,3.1,95.6,1.6,19.9,25.6
2022-02-06 15:00:00,1.5,16.09,0,0,2.2,95.6,1.1,19.9,22.3
2022-02-06 16:00:00,1.3,3.46,0,0,1.5,96.5,0.8,20.0,21.6
2022-02-06 17:00:00,1.3,16.09,0,0,0.8,97.5,0.4,19.9,20.2
2022-02-06 18:00:00,1.4,16.09,0,0,0.6,97.0,0.2,19.9,19.4
2022-02-06 19:00:00,1.4,7.34,0,0,0.4,95.6,0.1,19.9,18.7
2022-02-06 20:00:00,1.2,16.09,0,0,0.3,95.6,0.1,19.9,18.4
2022-02-06 21:00:00,1.3,16.09,0,0,0.2,95.1,0.1,19.9,18.7
2022-02-06 22:00:00,1.2,16.09,0,0,0.0,95.6,0.0,19.9,15.8
2022-02-06 23:00:00,1.1,16.09,0,0,0.0,95.6,0.0,19.9,15.8
2022-02-07 00:00:00,1.1,16.09,0,0,0.0,95.1,0.0,19.9,15.8
2022-02-07 01:00:00,1.0,14.64,0,0,0.0,96.0,0.0,19.9,14.0
2022-02-07 02:00:00,1.0,12.23,0,0,0.0,96.0,0.0,19.9,12.2
2022-02-07 03:00:00,0.7,11.89,0,0,0.0,97.0,0.0,19.9,11.2
2022-02-07 04:00:00,0.7,15.33,0,0,0.0,96.0,0.0,19.9,7.2
2022-02-07 05:00:00,0.8,16.09,0,0,0.0,95.1,0.0,19.9,6.8
2022-02-07 06:00:00,0.7,16.09,0,0,0.0,96.0,0.0,19.9,6.8
2022-02-07 07:00:00,0.6,6.44,0,0,0.0,96.0,0.0,19.9,5.0
2022-02-07 08:00:00,0.8,6.52,0,0,0.0,94.6,0.0,19.9,5.4
2022-02-07 09:00:00,0.9,6.64,0,0,0.0,93.2,0.0,19.9,4.7
2022-02-07 10:00:00,0.9,7.32,0,0,0.0,90.4,0.0,19.9,5.4
2022-02-07 11:00:00,0.9,8.27,0,0,0.0,90.4,0.0,19.9,6.5
2022-02-07 12:00:00,1.0,16.09,0,0,0.0,90.0,0.0,19.9,9.4
2022-02-07 13:00:00,1.1,16.09,0,0,0.0,88.6,0.0,19.9,7.6
2022-02-07 14:00:00,1.0,16.09,0,0,0.0,88.2,0.0,19.9,7.9
2022-02-07 15:00:00,1.0,16.09,0,0,0.0,87.3,0.0,19.9,10.1
2022-02-07 16:00:00,0.8,9.14,0,0,0.0,88.2,0.0,19.9,9.4
2022-02-07 17:00:00,0.9,9.86,0,0,0.0,87.8,0.0,19.9,9.7
2022-02-07 18:00:00,0.3,16.09,0,0,0.0,89.1,0.0,19.9,10.4
2022-02-07 19:00:00,0.2,16.09,0,0,0.0,88.6,0.0,19.9,11.2
2022-02-07 20:00:00,0.3,16.09,0,0,0.0,88.6,0.0,19.9,10.8
2022-02-07 21:00:00,0.3,10.57,0,0,0.0,92.7,0.0,19.9,14.4
2022-02-07 22:00:00,0.3,16.09,0,0,0.0,86.9,0.0,19.9,14.0
2022-02-07 23:00:00,-0.8,16.09,0,0,0.0,88.2,0.0,19.9,13.3
2022-02-08 00:00:00,-0.3,16.09,0,0,0.0,90.9,0.0,19.9,11.9
2022-02-08 01:00:00,-0.3,16.09,0,0,0.0,90.4,0.0,19.9,12.2
2022-02-08 02:00:00,-0.4,16.09,0,0,0.0,90.0,0.0,19.9,11.9
2022-02-08 03:00:00,-2.1,16.09,0,0,0.0,87.3,0.0,19.9,12.6
2022-02-08 04:00:00,-1.9,16.09,0,0,0.0,86.5,0.0,19.9,17.3
2022-02-08 05:00:00,-2.6,16.09,0,0,0.0,89.1,0.0,19.9,13.7
2022-02-08 06:00:00,-2.4,16.09,0,0,0.0,87.3,0.0,19.9,10.4
2022-02-08 07:00:00,-2.2,16.09,0,0,0.0,86.5,0.0,19.9,7.9
2022-02-08 08:00:00,-1.5,16.09,0,0,0.0,84.3,0.0,19.9,7.9
2022-02-08 09:00:00,-0.9,16.09,0,0,0.0,87.3,0.0,19.9,9.4
2022-02-08 10:00:00,-0.1,16.09,0,0,0.0,89.1,0.0,19.9,12.2
2022-02-08 11:00:00,0.7,4.09,0,0,0.0,90.4,0.0,20.0,16.2
2022-02-08 12:00:00,0.7,1.82,0,69,0.2,90.0,0.1,20.1,16.9
2022-02-08 13:00:00,0.3,0.61,0,75,1.2,95.6,0.9,20.9,19.8
2022-02-08 14:00:00,0.2,0.59,0,75,2.4,97.0,1.7,21.6,22.7
2022-02-08 15:00:00,0.3,0.6,0,75,3.5,98.0,2.5,22.4,19.8
2022-02-08 16:00:00,0.4,0.88,0,75,4.2,99.0,3.0,22.9,21.2
2022-02-08 17:00:00,0.4,6.44,0,69,4.0,98.0,2.8,22.8,18.0
2022-02-08 18:00:00,0.6,10.9,0,0,3.1,97.5,2.3,22.3,14.4
2022-02-08 19:00:00,0.7,10.03,0,0,2.0,98.0,1.5,22.1,12.2
2022-02-08 20:00:00,0.6,16.09,0,0,1.2,98.5,0.9,22.1,15.1
2022-02-08 21:00:00,0.8,16.09,0,0,0.5,95.6,0.4,22.1,18.4
2022-02-08 22:00:00,0.6,16.09,0,0,0.1,93.7,0.0,22.0,15.1
2022-02-08 23:00:00,0.5,16.09,0,0,0.0,91.3,0.0,22.0,14.4
2022-02-09 00:00:00,-0.7,16.09,0,0,0.0,95.1,0.0,22.0,11.5
2022-02-09 01:00:00,-0.9,16.09,0,0,0.0,94.6,0.0,22.0,14.0
2022-02-09 02:00:00,-1.6,16.09,0,0,0.0,95.6,0.0,22.0,11.9
2022-02-09 03:00:00,-2.1,16.09,0,0,0.0,95.1,0.0,22.0,12.6
2022-02-09 04:00:00,-2.3,16.09,0,0,0.0,94.1,0.0,22.0,11.5
2022-02-09 05:00:00,-2.6,16.09,0,0,0.0,93.2,0.0,22.0,11.2
2022-02-09 06:00:00,-2.7,16.09,0,0,0.0,93.7,0.0,22.0,10.8
2022-02-09 07:00:00,-2.4,16.09,0,0,0.0,93.7,0.0,22.0,12.2
2022-02-09 08:00:00,-1.1,16.09,0,0,0.0,90.0,0.0,22.0,11.9
2022-02-09 09:00:00,0.6,16.09,0,0,0.0,91.8,0.0,22.0,13.3
2022-02-09 10:00:00,1.6,16.09,0,0,0.0,90.4,0.0,22.0,15.1
2022-02-09 11:00:00,1.5,16.09,0,0,0.0,93.2,0.0,22.0,20.5
2022-02-09 12:00:00,1.7,16.09,0,0,0.0,93.7,0.0,22.0,22.0
2022-02-09 13:00:00,1.9,13.53,0,0,0.0,92.7,0.0,22.0,23.8
2022-02-09 14:00:00,1.9,10.94,0,0,0.0,93.2,0.0,22.0,18.7
2022-02-09 15:00:00,2.0,10.72,0,0,0.0,93.7,0.0,22.0,22.7
2022-02-09 16:00:00,1.7,7.78,0,34,0.2,96.5,0.0,22.0,27.4
2022-02-09 17:00:00,1.8,8.98,0,0,0.2,95.6,0.0,22.0,22.0
2022-02-09 18:00:00,1.8,9.36,0,34,0.3,95.6,0.0,22.0,22.0
2022-02-09 19:00:00,1.7,3.9,0,34,1.5,97.0,0.0,22.0,16.9
2022-02-09 20:00:00,1.7,15.53,0,40,2.1,96.5,0.0,22.0,13.0
2022-02-09 21:00:00,1.8,16.09,0,0,2.5,94.6,0.0,22.0,14.8
2022-02-09 22:00:00,1.9,16.09,0,0,2.3,93.7,0.0,22.0,15.5
2022-02-09 23:00:00,1.5,16.09,0,0,2.2,95.1,0.0,22.0,14.8
2022-02-10 00:00:00,1.1,16.09,0,0,2.0,93.2,0.0,22.0,13.0
2022-02-10 01:00:00,0.5,16.09,0,0,0.4,93.7,0.0,22.0,13.7
2022-02-10 02:00:00,0.1,16.09,0,0,0.0,91.3,0.0,22.0,14.0
2022-02-10 03:00:00,-0.5,16.09,0,0,0.0,87.3,0.0,22.0,12.6
2022-02-10 04:00:00,-0.6,16.09,0,0,0.0,87.8,0.0,22.0,9.7
2022-02-10 05:00:00,-0.5,16.09,0,0,0.0,87.8,0.0,22.0,13.7
2022-02-10 06:00:00,-0.3,16.09,0,0,0.0,87.8,0.0,22.0,16.6
2022-02-10 07:00:00,0.4,16.09,0,0,0.0,86.0,0.0,22.0,15.1
2022-02-10 08:00:00,1.0,16.09,0,0,0.0,84.3,0.0,22.0,20.2
2022-02-10 09:00:00,1.6,16.09,0,0,0.0,83.5,0.0,22.0,19.8
2022-02-10 10:00:00,1.6,16.09,0,0,0.0,83.1,0.0,22.0,17.3
2022-02-10 11:00:00,2.2,16.09,0,0,0.0,78.6,0.0,22.0,16.9
2022-02-10 12:00:00,2.4,16.09,0,0,0.0,75.5,0.0,22.0,19.4
2022-02-10 13:00:00,2.3,16.09,0,0,0.0,74.4,0.0,22.0,18.7
2022-02-10 14:00:00,2.1,16.09,0,0,0.0,73.7,0.0,22.0,19.8
2022-02-10 15:00:00,1.5,16.09,0,0,0.0,74.8,0.0,22.0,14.8
2022-02-10 16:00:00,0.7,16.09,0,0,0.0,77.4,0.0,22.0,13.0
2022-02-10 17:00:00,0.1,16.09,0,0,0.0,83.5,0.0,22.0,13.7
2022-02-10 18:00:00,-0.1,16.09,0,0,0.0,82.7,0.0,22.0,16.6
2022-02-10 19:00:00,-0.3,16.09,0,0,0.0,82.2,0.0,22.0,16.9
2022-02-10 20:00:00,-0.7,16.09,0,0,0.0,81.8,0.0,22.0,13.7
2022-02-10 21:00:00,-1.1,16.09,0,0,0.0,83.1,0.0,22.0,13.3
2022-02-10 22:00:00,-1.3,16.09,0,0,0.0,84.3,0.0,22.0,13.7
2022-02-10 23:00:00,-1.4,16.09,0,0,0.0,86.9,0.0,22.0,13.3
2022-02-11 00:00:00,-1.5,16.09,0,0,0.0,85.2,0.0,22.0,12.6
2022-02-11 01:00:00,-1.9,16.09,0,0,0.0,86.5,0.0,22.0,13.0
2022-02-11 02:00:00,-2.2,16.09,0,0,0.0,85.6,0.0,22.0,15.1
2022-02-11 03:00:00,-2.5,16.09,0,0,0.0,86.5,0.0,22.0,14.8
2022-02-11 04:00:00,-3.0,16.09,0,0,0.0,86.9,0.0,22.0,14.0
2022-02-11 05:00:00,-3.4,16.09,0,0,0.0,88.6,0.0,22.0,12.6
2022-02-11 06:00:00,-3.8,16.09,0,0,0.0,88.6,0.0,22.0,9.7
2022-02-11 07:00:00,-3.1,16.09,0,0,0.0,86.9,0.0,22.0,15.1
2022-02-11 08:00:00,-2.5,16.09,0,0,0.0,83.9,0.0,22.0,17.3
2022-02-11 09:00:00,-1.1,16.09,0,0,0.0,79.4,0.0,22.0,15.1
2022-02-11 10:00:00,-0.5,16.09,0,0,0.0,78.2,0.0,22.0,16.2
2022-02-11 11:00:00,0.4,16.09,0,0,0.0,74.4,0.0,22.0,18.4
2022-02-11 12:00:00,0.7,16.09,0,0,0.0,72.2,0.0,22.0,18.0
2022-02-11 13:00:00,0.4,16.09,0,0,0.0,72.2,0.0,22.0,18.4
2022-02-11 14:00:00,-0.3,16.09,0,0,0.0,70.4,0.0,22.0,15.5
2022-02-11 15:00:00,-1.0,16.09,0,0,0.0,72.2,0.0,22.0,15.5
2022-02-11 16:00:00,-1.4,16.09,0,0,0.0,72.9,0.0,22.0,18.7
2022-02-11 17:00:00,-1.9,16.09,0,0,0.0,74.4,0.0,22.0,16.9
2022-02-11 18:00:00,-2.5,16.09,0,0,0.0,76.7,0.0,22.0,16.2
2022-02-11 19:00:00,-2.8,16.09,0,0,0.0,77.8,0.0,22.0,22.0
2022-02-11 20:00:00,-3.1,16.09,0,0,0.0,79.4,0.0,22.0,16.2
2022-02-11 21:00:00,-3.4,16.09,0,0,0.0,80.2,0.0,22.0,16.2
2022-02-11 22:00:00,-3.5,16.09,0,0,0.0,81.4,0.0,22.0,16.9
2022-02-11 23:00:00,-3.8,16.09,0,0,0.0,85.2,0.0,22.0,15.5
2022-02-12 00:00:00,-4.3,16.09,0,0,0.0,85.2,0.0,22.0,14.8
2022-02-12 01:00:00,-4.9,16.09,0,0,0.0,87.3,0.0,22.0,15.1
2022-02-12 02:00:00,-4.9,16.09,0,0,0.0,84.7,0.0,22.0,13.3
2022-02-12 03:00:00,-4.4,16.09,0,0,0.0,83.5,0.0,22.0,14.4
2022-02-12 04:00:00,-3.4,16.09,0,0,0.0,83.1,0.0,22.0,17.3
2022-02-12 05:00:00,-1.9,16.09,0,0,0.0,81.0,0.0,22.0,19.8
2022-02-12 06:00:00,-1.5,16.09,0,0,0.0,75.9,0.0,22.0,18.0
2022-02-12 07:00:00,-1.3,16.09,0,0,0.0,74.8,0.0,22.0,20.2
2022-02-12 08:00:00,-1.6,16.09,0,0,0.0,73.3,0.0,22.0,18.7
2022-02-12 09:00:00,-0.9,16.09,0,0,0.0,71.1,0.0,22.0,17.3
2022-02-12 10:00:00,-0.1,16.09,0,0,0.0,69.0,0.0,22.0,20.5
2022-02-12 11:00:00,0.8,16.09,0,0,0.0,68.0,0.0,22.0,21.6
2022-02-12 12:00:00,1.2,16.09,0,0,0.0,67.7,0.0,22.0,20.5
2022-02-12 13:00:00,1.6,16.09,0,0,0.0,67.3,0.0,22.0,20.2
2022-02-12 14:00:00,1.5,16.09,0,0,0.0,70.1,0.0,22.0,16.9
2022-02-12 15:00:00,0.9,16.09,0,0,0.0,76.7,0.0,22.0,17.6
2022-02-12 16:00:00,0.4,12.63,0,0,0.0,83.5,0.0,22.0,21.6
2022-02-12 17:00:00,0.8,16.09,0,0,0.0,86.0,0.0,22.0,18.4
2022-02-12 18:00:00,0.7,16.09,0,0,0.0,88.6,0.0,22.0,18.0
2022-02-12 19:00:00,1.2,16.09,0,0,0.0,88.2,0.0,22.0,17.6
2022-02-12 20:00:00,1.8,16.09,0,0,0.0,87.3,0.0,22.0,20.2
2022-02-12 21:00:00,1.9,16.09,0,0,0.0,85.2,0.0,22.0,17.6
2022-02-12 22:00:00,2.1,16.09,0,0,0.0,83.5,0.0,22.0,19.1
2022-02-12 23:00:00,2.0,16.09,0,0,0.0,85.2,0.0,22.0,16.9
2022-02-13 00:00:00,1.8,16.09,0,0,0.0,86.9,0.0,22.0,20.9
2022-02-13 01:00:00,1.5,14.63,0,0,0.0,90.9,0.0,22.1,23.4
2022-02-13 02:00:00,1.0,0.84,0,69,0.6,95.6,0.4,22.4,19.4
2022-02-13 03:00:00,1.0,1.61,0,75,1.4,96.0,0.9,22.9,22.7
2022-02-13 04:00:00,1.1,10.59,0,69,1.6,96.0,0.9,23.0,24.8
2022-02-13 05:00:00,1.3,10.26,0,0,1.2,95.1,0.7,22.8,28.4
2022-02-13 06:00:00,1.4,13.41,0,0,0.8,92.7,0.4,22.6,27.7
2022-02-13 07:00:00,1.5,16.09,0,0,0.8,89.1,0.4,22.6,31.7
2022-02-13 08:00:00,1.7,16.09,0,0,0.4,84.7,0.3,22.6,33.8
2022-02-13 09:00:00,1.6,16.09,0,0,0.1,83.9,0.1,22.6,29.9
2022-02-13 10:00:00,1.8,16.01,0,0,0.1,84.7,0.1,22.6,35.3
2022-02-13 11:00:00,1.6,4.82,0,34,0.2,86.5,0.1,22.7,37.8
2022-02-13 12:00:00,1.3,4.58,0,66,0.5,93.2,0.2,22.8,36.7
2022-02-13 13:00:00,1.3,2.95,0,66,1.2,93.2,0.5,23.1,32.8
2022-02-13 14:00:00,1.2,2.48,0,43,2.1,94.1,0.5,23.1,27.0
2022-02-13 15:00:00,1.1,2.54,0,43,2.9,96.0,0.5,23.2,26.3
2022-02-13 16:00:00,1.1,6.48,0,34,2.6,96.0,0.5,23.2,28.4
2022-02-13 17:00:00,1.5,6.84,0,0,1.9,96.0,0.3,23.2,27.7
2022-02-13 18:00:00,1.8,9.84,0,43,1.5,95.6,0.0,23.1,22.7
2022-02-13 19:00:00,2.1,11.08,0,34,1.3,94.6,0.0,23.1,26.6
2022-02-13 20:00:00,2.3,7.36,0,0,0.8,93.7,0.0,23.1,25.2
2022-02-13 21:00:00,2.1,6.86,0,34,0.3,95.1,0.0,23.1,22.7
2022-02-13 22:00:00,2.2,12.0,0,34,0.3,94.1,0.0,23.1,23.8
2022-02-13 23:00:00,2.2,10.57,0,0,0.3,95.1,0.0,23.1,29.5
2022-02-14 00:00:00,2.2,12.9,0,0,0.0,95.1,0.0,23.1,26.3
2022-02-14 01:00:00,2.1,14.05,0,0,0.0,94.6,0.0,23.1,24.5
2022-02-14 02:00:00,2.0,13.1,0,0,0.0,94.6,0.0,23.1,20.9
2022-02-14 03:00:00,2.0,8.36,0,0,0.0,97.0,0.0,23.1,23.8
2022-02-14 04:00:00,1.8,6.44,0,0,0.0,97.0,0.0,23.1,21.2
2022-02-14 05:00:00,1.7,5.28,0,40,0.5,97.0,0.0,23.1,21.6
2022-02-14 06:00:00,1.4,0.6,0,16,2.6,97.0,0.0,23.1,23.8
2022-02-14 07:00:00,1.5,1.72,0,43,3.3,95.6,0.1,23.2,22.7
2022-02-14 08:00:00,1.4,6.18,0,43,4.1,96.5,0.3,23.4,22.7
2022-02-14 09:00:00,1.6,6.44,0,0,3.3,96.0,0.2,23.2,23.8
2022-02-14 10:00:00,1.8,6.44,0,0,2.8,95.1,0.0,23.2,24.8
2022-02-14 11:00:00,1.9,9.93,0,34,2.4,94.1,0.0,23.2,24.5
2022-02-14 12:00:00,1.8,9.68,0,34,1.2,92.7,0.0,23.2,24.8
2022-02-14 13:00:00,1.7,3.18,0,43,1.5,93.7,0.0,23.2,22.3
2022-02-14 14:00:00,0.9,1.02,0,43,2.3,96.0,0.1,23.4,23.0
2022-02-14 15:00:00,0.7,0.62,0,75,3.4,97.5,0.8,24.1,23.4
2022-02-14 16:00:00,0.7,0.63,0,75,3.9,97.5,1.5,24.7,20.5
2022-02-14 17:00:00,1.1,1.61,0,75,4.5,97.0,1.9,25.3,17.3
2022-02-14 18:00:00,1.3,1.83,0,72,4.3,97.0,1.9,25.3,20.2
2022-02-14 19:00:00,1.7,7.6,0,34,3.5,95.6,1.6,24.9,19.4
2022-02-14 20:00:00,1.8,1.08,0,34,3.0,95.6,1.1,24.5,19.4
2022-02-14 21:00:00,1.7,1.96,0,43,3.5,95.6,0.6,24.4,20.5
2022-02-14 22:00:00,1.8,5.57,0,40,3.1,95.6,0.2,24.4,20.2
2022-02-14 23:00:00,1.8,11.76,0,43,3.0,94.1,0.0,24.4,17.3
2022-02-15 00:00:00,2.0,4.41,0,34,2.4,90.9,0.0,24.4,15.1
2022-02-15 01:00:00,2.0,3.02,0,43,2.8,89.5,0.0,24.4,14.4
2022-02-15 02:00:00,1.9,7.66,0,34,2.6,91.3,0.0,24.4,18.4
2022-02-15 03:00:00,2.0,14.79,0,0,1.6,91.8,0.0,24.4,16.2
2022-02-15 04:00:00,2.1,12.83,0,0,1.5,91.8,0.0,24.4,16.9
2022-02-15 05:00:00,2.3,11.9,0,0,0.9,91.3,0.0,24.4,18.7
2022-02-15 06:00:00,2.3,11.04,0,0,0.7,91.3,0.0,24.4,17.3
2022-02-15 07:00:00,2.1,9.77,0,0,0.0,92.7,0.0,24.4,15.8
2022-02-15 08:00:00,2.1,10.24,0,0,0.0,91.3,0.0,24.4,16.6
2022-02-15 09:00:00,2.1,5.56,0,34,0.8,91.8,0.0,24.4,19.1
2022-02-15 10:00:00,1.7,3.32,0,43,2.6,94.1,0.0,24.4,15.8
2022-02-15 11:00:00,1.9,7.24,0,43,4.3,92.7,0.0,24.4,15.8
2022-02-15 12:00:00,1.8,7.19,0,0,4.3,92.3,0.0,24.4,17.6
2022-02-15 13:00:00,1.6,2.9,0,34,3.5,92.7,0.0,24.5,16.2
2022-02-15 14:00:00,1.2,0.93,0,66,5.0,93.7,0.2,24.7,15.8
2022-02-15 15:00:00,0.8,0.46,0,75,6.6,97.0,1.5,25.9,17.3
2022-02-15 16:00:00,1.3,0.76,0,75,6.6,96.0,2.3,26.8,17.3
2022-02-15 17:00:00,1.4,6.44,0,75,5.9,95.1,2.6,27.0,21.6
2022-02-15 18:00:00,1.7,6.44,0,0,5.3,94.1,2.4,26.6,22.7
2022-02-15 19:00:00,1.8,3.26,0,34,5.0,93.7,2.1,26.4,25.6
2022-02-15 20:00:00,2.2,5.14,0,40,3.7,93.2,1.7,26.3,30.6
2022-02-15 21:00:00,2.2,5.97,0,43,2.6,94.6,0.8,26.4,27.4
2022-02-15 22:00:00,2.1,1.47,0,43,2.1,96.0,0.2,26.4,27.0
2022-02-15 23:00:00,2.3,6.51,0,40,2.2,97.5,0.0,26.4,28.1
2022-02-16 00:00:00,2.2,14.15,0,0,2.0,95.6,0.0,26.4,24.5
2022-02-16 01:00:00,2.1,16.09,0,0,1.7,92.3,0.0,26.4,20.5
2022-02-16 02:00:00,2.2,16.09,0,0,1.1,90.0,0.0,26.4,22.7
2022-02-16 03:00:00,2.2,16.09,0,0,0.8,90.4,0.0,26.4,20.9
2022-02-16 04:00:00,2.0,16.09,0,0,0.2,90.4,0.0,26.4,21.6
2022-02-16 05:00:00,2.0,16.09,0,0,0.0,89.5,0.0,26.4,20.2
2022-02-16 06:00:00,1.9,16.09,0,0,0.0,87.8,0.0,26.4,18.4
2022-02-16 07:00:00,1.8,16.09,0,0,0.0,87.8,0.0,26.4,18.7
2022-02-16 08:00:00,1.7,4.39,0,0,0.0,87.3,0.0,26.4,18.7
2022-02-16 09:00:00,1.9,16.09,0,0,0.0,84.7,0.0,26.4,23.4
2022-02-16 10:00:00,1.9,16.09,0,0,0.0,85.6,0.0,26.5,27.0
2022-02-16 11:00:00,2.0,16.09,0,0,0.0,85.6,0.0,26.4,22.7
2022-02-16 12:00:00,2.2,16.09,0,0,0.0,86.9,0.0,26.4,24.5
2022-02-16 13:00:00,2.1,9.95,0,0,0.0,90.9,0.0,26.4,24.8
2022-02-16 14:00:00,2.1,2.62,0,43,1.0,93.7,0.0,26.4,25.2
2022-02-16 15:00:00,1.8,1.88,0,43,1.8,95.6,0.0,26.4,23.8
2022-02-16 16:00:00,1.9,8.19,0,43,2.1,95.1,0.0,26.4,23.0
2022-02-16 17:00:00,2.0,9.65,0,0,1.7,94.6,0.0,26.4,18.7
2022-02-16 18:00:00,2.0,15.85,0,34,1.1,91.3,0.0,26.4,20.5
2022-02-16 19:00:00,1.8,16.09,0,34,1.3,93.2,0.0,26.4,16.2
2022-02-16 20:00:00,1.7,15.06,0,0,0.9,93.2,0.0,26.4,18.7
2022-02-16 21:00:00,1.6,11.9,0,0,0.4,94.6,0.0,26.4,17.3
2022-02-16 22:00:00,1.6,1.41,0,66,0.5,95.6,0.0,26.5,17.3
2022-02-16 23:00:00,1.2,1.41,0,69,1.6,97.0,0.3,26.8,20.2
2022-02-17 00:00:00,0.5,0.63,0,75,3.1,97.5,0.7,27.2,24.5
2022-02-17 01:00:00,0.5,0.53,0,75,3.8,98.5,1.5,27.9,22.3
2022-02-17 02:00:00,0.5,0.4,0,75,4.8,98.5,2.3,28.7,23.0
2022-02-17 03:00:00,0.6,0.4,0,75,6.1,98.5,3.1,29.6,20.2
2022-02-17 04:00:00,0.7,2.39,0,75,6.8,98.0,3.7,30.2,22.0
2022-02-17 05:00:00,0.7,1.52,0,69,6.4,98.0,3.5,30.1,21.6
2022-02-17 06:00:00,0.9,4.6,0,66,6.7,99.0,2.9,29.8,19.1
2022-02-17 07:00:00,1.4,1.44,0,43,6.8,100.0,2.5,29.8,16.6
2022-02-17 08:00:00,2.1,3.22,0,43,6.9,98.5,1.7,29.8,17.6
2022-02-17 09:00:00,2.5,8.68,0,43,7.3,97.5,0.8,29.8,22.3
2022-02-17 10:00:00,2.5,5.69,0,48,8.4,98.5,0.4,29.7,20.2
2022-02-17 11:00:00,2.5,5.45,0,43,10.2,96.5,0.2,29.7,19.1
2022-02-17 12:00:00,2.2,7.48,0,43,10.1,95.1,0.0,29.7,15.1
2022-02-17 13:00:00,1.7,0.89,0,43,10.9,98.0,0.0,29.7,13.0
2022-02-17 14:00:00,1.5,0.59,0,43,10.7,97.5,0.0,29.7,9.4
2022-02-17 15:00:00,1.3,0.63,0,69,9.7,98.5,0.2,30.0,6.5
2022-02-17 16:00:00,0.9,0.58,0,75,8.8,99.0,1.2,31.0,6.1
2022-02-17 17:00:00,0.5,0.47,0,75,8.4,98.5,2.3,32.1,11.5
2022-02-17 18:00:00,0.6,1.0,0,75,7.3,98.5,2.6,32.4,16.6
2022-02-17 19:00:00,0.7,1.52,0,75,6.9,97.0,3.3,32.9,20.2
2022-02-17 20:00:00,0.6,1.5,0,75,5.5,97.5,3.2,32.7,25.9
2022-02-17 21:00:00,0.6,1.57,0,75,4.7,95.6,3.2,32.8,26.6
2022-02-17 22:00:00,0.6,16.09,0,69,3.5,90.4,2.3,32.6,30.2
2022-02-17 23:00:00,0.5,16.09,0,0,1.9,86.5,1.5,32.4,30.6
2022-02-18 00:00:00,0.1,16.09,0,0,1.2,85.2,0.8,32.2,30.6
2022-02-18 01:00:00,-0.6,16.09,0,0,0.7,86.0,0.4,32.1,31.3
2022-02-18 02:00:00,-0.9,16.09,0,0,0.3,83.1,0.2,32.1,33.1
2022-02-18 03:00:00,-1.3,16.09,0,0,0.0,80.6,0.0,32.1,35.6
2022-02-18 04:00:00,-1.4,16.09,0,0,0.0,83.1,0.0,32.1,26.6
2022-02-18 05:00:00,-0.8,16.09,0,0,0.0,84.7,0.0,32.1,20.5
2022-02-18 06:00:00,-0.4,16.09,0,0,0.0,84.7,0.0,32.1,25.6
2022-02-18 07:00:00,-0.2,16.09,0,0,0.0,83.1,0.0,32.1,23.0
2022-02-18 08:00:00,0.2,16.09,0,0,0.0,84.3,0.0,32.1,21.2
2022-02-18 09:00:00,0.2,16.09,0,0,0.0,81.4,0.0,32.1,23.8
2022-02-18 10:00:00,0.3,16.09,0,0,0.0,79.0,0.0,32.1,24.1
2022-02-18 11:00:00,0.3,16.09,0,0,0.0,77.4,0.0,32.1,20.5
2022-02-18 12:00:00,0.5,16.09,0,0,0.0,77.1,0.0,32.1,22.3
2022-02-18 13:00:00,0.3,16.09,0,0,0.0,78.2,0.0,32.1,24.5
2022-02-18 14:00:00,0.1,16.09,0,0,0.0,79.4,0.0,32.1,19.8
2022-02-18 15:00:00,-0.2,16.09,0,0,0.0,82.2,0.0,32.1,19.1
2022-02-18 16:00:00,0.2,16.09,0,0,0.0,83.5,0.0,32.1,19.1
2022-02-18 17:00:00,0.1,16.09,0,0,0.0,83.9,0.0,32.1,16.9
2022-02-18 18:00:00,-0.3,16.09,0,0,0.0,83.5,0.0,32.1,15.5
2022-02-18 19:00:00,-0.3,16.09,0,0,0.0,81.8,0.0,32.1,15.1
2022-02-18 20:00:00,-0.6,16.09,0,0,0.0,85.2,0.0,32.1,11.2
2022-02-18 21:00:00,-1.1,16.09,0,0,0.0,88.6,0.0,32.1,8.6
2022-02-18 22:00:00,-0.6,16.09,0,0,0.0,86.5,0.0,32.1,12.6
2022-02-18 23:00:00,-0.6,16.09,0,0,0.0,92.3,0.0,32.1,10.1
2022-02-19 00:00:00,-0.1,16.09,0,0,0.0,97.0,0.0,32.1,11.5
2022-02-19 01:00:00,0.4,16.09,0,0,0.0,94.6,0.0,32.1,13.0
2022-02-19 02:00:00,0.5,6.95,0,0,0.0,97.5,0.0,32.1,11.5
2022-02-19 03:00:00,0.7,10.93,0,0,0.0,97.5,0.0,32.1,10.1
2022-02-19 04:00:00,0.8,7.11,0,0,0.0,97.0,0.0,32.1,10.4
2022-02-19 05:00:00,0.8,10.78,0,0,0.0,97.0,0.0,32.1,11.5
2022-02-19 06:00:00,0.8,11.02,0,0,0.0,96.5,0.0,32.1,12.6
2022-02-19 07:00:00,0.8,14.6,0,66,0.1,95.1,0.0,32.2,12.2
2022-02-19 08:00:00,1.0,12.37,0,0,0.1,93.7,0.0,32.2,12.2
2022-02-19 09:00:00,0.7,0.81,0,75,0.9,96.0,0.6,32.7,11.9
2022-02-19 10:00:00,0.8,2.75,0,75,1.8,96.0,1.0,33.2,11.2
2022-02-19 11:00:00,1.2,5.88,0,72,2.5,94.1,1.3,33.5,11.2
2022-02-19 12:00:00,1.2,1.61,0,66,2.2,94.1,1.0,33.3,14.0
2022-02-19 13:00:00,1.1,16.09,0,0,1.2,94.1,0.6,32.9,13.0
2022-02-19 14:00:00,0.8,4.83,0,0,1.2,93.2,0.5,32.8,19.1
2022-02-19 15:00:00,0.5,16.09,0,0,0.6,89.1,0.1,32.7,22.7
2022-02-19 16:00:00,-0.5,16.09,0,0,0.4,86.0,0.0,32.7,22.0
2022-02-19 17:00:00,-1.4,16.09,0,0,0.2,79.0,0.0,32.7,22.0
2022-02-19 18:00:00,-1.8,16.09,0,0,0.0,78.6,0.0,32.7,18.0
2022-02-19 19:00:00,-2.1,16.09,0,0,0.0,79.8,0.0,32.7,18.0
2022-02-19 20:00:00,-2.5,16.09,0,0,0.0,81.4,0.0,32.7,16.6
2022-02-19 21:00:00,-2.6,16.09,0,0,0.0,83.9,0.0,32.7,15.8
2022-02-19 22:00:00,-2.3,16.09,0,0,0.0,86.0,0.0,32.7,15.8
2022-02-19 23:00:00,-1.8,10.27,0,0,0.0,84.7,0.0,32.7,15.5
2022-02-20 00:00:00,-1.5,16.09,0,0,0.0,87.8,0.0,32.7,12.6
2022-02-20 01:00:00,-1.4,16.09,0,0,0.0,88.2,0.0,32.7,12.6
2022-02-20 02:00:00,-1.5,16.09,0,0,0.0,87.8,0.0,32.7,11.9
2022-02-20 03:00:00,-2.0,16.09,0,0,0.0,90.4,0.0,32.7,11.5
2022-02-20 04:00:00,-2.6,16.09,0,0,0.0,92.7,0.0,32.7,9.4
2022-02-20 05:00:00,-2.4,16.09,0,0,0.0,94.1,0.0,32.7,9.0
2022-02-20 06:00:00,-1.5,16.09,0,0,0.0,92.3,0.0,32.7,8.6
2022-02-20 07:00:00,-0.9,16.09,0,0,0.0,91.3,0.0,32.7,6.8
2022-02-20 08:00:00,-0.6,16.09,0,0,0.0,90.4,0.0,32.7,6.8
2022-02-20 09:00:00,0.2,16.09,0,0,0.0,84.7,0.0,32.7,6.5
2022-02-20 10:00:00,0.7,16.09,0,0,0.0,80.6,0.0,32.7,8.6
2022-02-20 11:00:00,1.0,16.09,0,0,0.0,76.7,0.0,32.7,7.9
2022-02-20 12:00:00,0.8,16.09,0,0,0.0,76.7,0.0,32.7,5.8
2022-02-20 13:00:00,0.7,16.09,0,0,0.0,78.6,0.0,32.7,6.5
2022-02-20 14:00:00,0.1,16.09,0,0,0.0,78.6,0.0,32.7,6.8
2022-02-20 15:00:00,-0.7,16.09,0,0,0.0,81.8,0.0,32.7,4.3
2022-02-20 16:00:00,-1.0,16.09,0,0,0.0,83.5,0.0,32.7,9.7
2022-02-20 17:00:00,-1.3,16.09,0,0,0.0,85.6,0.0,32.7,7.2
2022-02-20 18:00:00,-2.4,16.09,0,0,0.0,88.2,0.0,32.7,4.0
2022-02-20 19:00:00,-2.4,16.09,0,0,0.0,90.0,0.0,32.7,4.0
2022-02-20 20:00:00,-2.0,16.09,0,0,0.0,90.0,0.0,32.7,3.6
2022-02-20 21:00:00,-1.4,16.09,0,0,0.0,85.2,0.0,32.7,3.6
2022-02-20 22:00:00,-0.9,16.09,0,0,0.0,83.9,0.0,32.7,7.6
2022-02-20 23:00:00,-0.5,16.09,0,0,0.0,81.0,0.0,32.7,7.6
2022-02-21 00:00:00,-0.3,16.09,0,0,0.0,79.0,0.0,32.7,6.8
2022-02-21 01:00:00,-0.2,16.09,0,0,0.0,79.0,0.0,32.7,11.2
2022-02-21 02:00:00,-0.5,16.09,0,0,0.0,75.9,0.0,32.7,13.0
2022-02-21 03:00:00,-0.7,16.09,0,0,0.0,74.0,0.0,32.7,11.5
2022-02-21 04:00:00,-1.2,16.09,0,0,0.0,77.4,0.0,32.7,12.6
2022-02-21 05:00:00,-1.1,16.09,0,0,0.0,80.2,0.0,32.7,18.0
2022-02-21 06:00:00,-0.7,16.09,0,0,0.0,81.0,0.0,32.7,19.8
2022-02-21 07:00:00,-0.6,16.09,0,0,0.0,80.6,0.0,32.7,23.4
2022-02-21 08:00:00,-0.6,16.09,0,0,0.0,79.8,0.0,32.7,32.4
2022-02-21 09:00:00,-0.5,16.09,0,0,0.0,79.8,0.0,32.7,32.4
2022-02-21 10:00:00,-0.5,16.09,0,66,0.0,81.4,0.0,32.8,34.9
2022-02-21 11:00:00,-0.4,16.09,0,0,0.1,83.5,0.1,32.8,34.6
2022-02-21 12:00:00,-0.7,0.4,0,75,0.8,90.0,0.8,33.5,35.6
2022-02-21 13:00:00,-0.9,0.4,0,75,3.0,94.6,2.6,35.5,36.7
2022-02-21 14:00:00,-0.8,0.4,0,75,4.7,96.0,4.2,37.0,38.2
2022-02-21 15:00:00,-0.6,0.4,0,75,7.0,97.0,5.9,38.7,36.7
2022-02-21 16:00:00,-0.4,0.4,0,75,8.5,97.0,7.0,39.8,34.9
2022-02-21 17:00:00,-0.3,0.11,0,75,12.0,98.5,9.6,42.5,33.8
2022-02-21 18:00:00,0.1,1.05,0,75,12.2,98.5,9.5,43.1,31.0
2022-02-21 19:00:00,0.2,0.4,0,75,11.5,99.0,8.6,43.8,27.4
2022-02-21 20:00:00,0.3,0.41,0,75,11.6,98.5,8.5,44.6,23.4
2022-02-21 21:00:00,0.4,0.49,0,75,10.8,99.0,7.8,45.2,17.3
2022-02-21 22:00:00,0.4,0.72,0,75,10.0,99.0,7.0,45.8,19.4
2022-02-21 23:00:00,0.3,0.44,0,75,8.2,99.5,5.6,46.4,12.2
2022-02-22 00:00:00,0.3,0.4,0,75,8.5,99.0,5.6,47.2,11.9
2022-02-22 01:00:00,0.4,0.4,0,75,9.3,98.0,6.1,48.4,10.8
2022-02-22 02:00:00,0.2,0.55,0,75,8.6,97.5,5.6,49.1,11.2
2022-02-22 03:00:00,-0.2,0.67,0,75,8.5,97.5,5.6,49.8,11.2
2022-02-22 04:00:00,-0.4,0.93,0,75,8.1,98.0,5.6,50.4,16.2
2022-02-22 05:00:00,-0.7,7.1,0,69,6.5,97.5,4.5,50.0,19.4
2022-02-22 06:00:00,-1.5,8.23,0,0,4.4,96.5,3.1,49.6,20.5
2022-02-22 07:00:00,-2.1,15.5,0,0,2.2,94.6,1.5,49.2,20.9
2022-02-22 08:00:00,-2.5,16.09,0,0,1.2,92.3,0.8,49.2,24.1
2022-02-22 09:00:00,-2.9,16.09,0,0,0.5,90.4,0.4,49.2,21.2
2022-02-22 10:00:00,-3.0,16.09,0,0,0.0,88.6,0.0,49.2,23.4
2022-02-22 11:00:00,-2.9,16.09,0,0,0.0,88.6,0.0,49.2,22.7
2022-02-22 12:00:00,-3.3,2.22,0,66,0.0,89.5,0.1,49.3,23.0
2022-02-22 13:00:00,-3.5,0.56,0,75,0.8,90.0,1.0,50.2,22.3
2022-02-22 14:00:00,-3.8,1.61,0,75,1.4,91.3,1.9,51.1,18.7
2022-02-22 15:00:00,-3.6,12.23,0,0,1.5,83.5,1.8,51.1,18.7
2022-02-22 16:00:00,-4.4,16.09,0,0,1.2,90.4,1.6,50.9,18.7
2022-02-22 17:00:00,-4.8,16.09,0,0,1.0,90.0,1.2,50.6,18.4
2022-02-22 18:00:00,-5.4,16.09,0,0,0.9,90.4,1.1,50.6,20.9
2022-02-22 19:00:00,-6.5,16.09,0,0,0.3,88.6,0.5,50.6,17.3
2022-02-22 20:00:00,-7.2,16.09,0,0,0.0,88.2,0.0,50.6,16.2
2022-02-22 21:00:00,-7.9,16.09,0,0,0.0,87.3,0.0,50.6,14.0
2022-02-22 22:00:00,-8.8,16.09,0,0,0.0,87.3,0.0,50.6,13.7
2022-02-22 23:00:00,-9.7,16.09,0,0,0.0,85.6,0.0,50.6,10.8
2022-02-23 00:00:00,-10.4,16.09,0,0,0.0,84.3,0.0,50.6,11.9
2022-02-23 01:00:00,-10.4,9.58,0,0,0.0,83.5,0.0,50.6,7.6
2022-02-23 02:00:00,-12.2,16.09,0,0,0.0,83.9,0.0,50.6,6.5
2022-02-23 03:00:00,-12.1,16.09,0,0,0.0,83.5,0.0,50.6,5.8
2022-02-23 04:00:00,-12.3,16.09,0,0,0.0,86.0,0.0,50.6,9.4
2022-02-23 05:00:00,-12.5,16.09,0,0,0.0,81.4,0.0,50.6,5.4
2022-02-23 06:00:00,-11.7,16.09,0,0,0.0,83.9,0.0,50.6,4.7
2022-02-23 07:00:00,-11.3,16.09,0,0,0.0,86.0,0.0,50.6,5.0
2022-02-23 08:00:00,-9.8,16.09,0,0,0.0,85.6,0.0,50.6,3.2
2022-02-23 09:00:00,-8.1,16.09,1,0,0.0,83.5,0.0,50.6,2.5
2022-02-23 10:00:00,-7.4,16.09,1,0,0.0,79.8,0.0,50.6,6.5
2022-02-23 11:00:00,-6.4,16.09,1,0,0.0,79.4,0.0,50.6,8.3
2022-02-23 12:00:00,-5.7,16.09,0,0,0.0,80.2,0.0,50.6,6.5
2022-02-23 13:00:00,-5.4,16.09,0,0,0.0,82.2,0.0,50.6,1.1
2022-02-23 14:00:00,-5.0,16.09,0,0,0.0,83.9,0.0,50.6,3.2
2022-02-23 15:00:00,-4.7,16.09,0,0,0.0,86.9,0.0,50.6,4.3
2022-02-23 16:00:00,-4.8,16.09,0,0,0.0,88.6,0.0,50.6,4.3
2022-02-23 17:00:00,-4.0,16.09,0,0,0.0,90.4,0.0,50.6,7.9
2022-02-23 18:00:00,-3.3,16.09,0,0,0.0,92.7,0.0,50.6,9.0
2022-02-23 19:00:00,-2.3,16.09,0,0,0.0,93.7,0.0,50.6,15.8
2022-02-23 20:00:00,-1.5,16.09,0,0,0.0,93.2,0.0,50.6,17.6
2022-02-23 21:00:00,-0.8,16.09,0,0,0.0,90.0,0.0,50.6,25.2
2022-02-23 22:00:00,-0.3,16.09,0,0,0.0,89.5,0.0,50.6,22.0
2022-02-23 23:00:00,-0.2,12.0,0,0,0.0,90.4,0.0,50.6,25.2
2022-02-24 00:00:00,-0.2,4.83,0,0,0.1,92.7,0.1,50.7,25.2
2022-02-24 01:00:00,0.2,16.09,0,0,0.3,91.3,0.1,50.8,27.4
2022-02-24 02:00:00,0.4,16.09,0,0,0.1,92.7,0.0,50.7,27.7
2022-02-24 03:00:00,0.6,16.09,0,0,0.0,94.6,0.0,50.6,26.6
2022-02-24 04:00:00,0.7,16.09,0,0,0.0,96.0,0.0,50.6,25.6
2022-02-24 05:00:00,1.0,16.09,0,0,0.0,95.1,0.0,50.6,28.8
2022-02-24 06:00:00,1.3,16.09,0,0,0.0,93.7,0.0,50.6,30.2
2022-02-24 07:00:00,1.6,9.41,0,0,0.0,92.7,0.0,50.6,38.2
2022-02-24 08:00:00,1.9,10.47,0,0,0.0,90.4,0.0,50.6,39.6
2022-02-24 09:00:00,2.3,10.06,0,1,0.0,89.5,0.0,50.6,40.7
2022-02-24 10:00:00,2.7,10.56,0,1,0.0,86.5,0.0,50.6,41.4
2022-02-24 11:00:00,3.0,16.09,0,0,0.0,83.5,0.0,50.6,36.7
2022-02-24 12:00:00,2.9,16.09,0,0,0.0,84.7,0.0,50.6,33.8
2022-02-24 13:00:00,3.0,16.09,0,0,0.0,84.7,0.0,50.6,32.8
2022-02-24 14:00:00,2.7,11.7,0,34,0.4,87.8,0.0,50.6,29.9
2022-02-24 15:00:00,2.8,16.09,0,40,0.8,87.3,0.0,50.6,26.3
2022-02-24 16:00:00,2.7,16.09,0,0,0.9,86.0,0.0,50.6,28.4
2022-02-24 17:00:00,2.6,16.09,0,0,0.7,86.5,0.0,50.6,25.6
2022-02-24 18:00:00,2.7,16.09,0,0,0.6,86.5,0.0,50.6,27.7
2022-02-24 19:00:00,2.7,16.09,0,0,0.6,85.6,0.0,50.6,25.2
2022-02-24 20:00:00,2.8,16.09,0,0,0.2,83.9,0.0,50.6,25.6
2022-02-24 21:00:00,3.1,16.09,0,0,0.0,82.2,0.0,50.6,28.4
2022-02-24 22:00:00,3.0,16.09,0,0,0.0,83.1,0.0,50.6,28.4
2022-02-24 23:00:00,2.7,16.09,0,0,0.0,84.7,0.0,50.6,24.1
2022-02-25 00:00:00,2.5,16.09,0,0,0.0,86.9,0.0,50.6,24.8
2022-02-25 01:00:00,2.1,16.09,0,0,0.0,89.1,0.0,50.6,25.2
2022-02-25 02:00:00,2.0,16.03,0,0,0.0,87.8,0.0,50.6,26.3
2022-02-25 03:00:00,2.0,16.09,0,0,0.0,88.2,0.0,50.6,27.4
2022-02-25 04:00:00,1.8,8.73,0,0,0.0,90.9,0.0,50.6,26.3
2022-02-25 05:00:00,1.7,4.69,0,34,0.2,90.0,0.0,50.6,24.8
2022-02-25 06:00:00,1.3,1.61,0,43,0.8,94.1,0.2,50.8,22.0
2022-02-25 07:00:00,1.2,1.2,0,75,1.7,94.6,0.5,51.2,23.4
2022-02-25 08:00:00,1.2,0.99,0,75,2.6,93.7,1.0,51.7,20.5
2022-02-25 09:00:00,1.1,1.55,0,75,4.3,94.1,2.2,52.8,18.0
2022-02-25 10:00:00,0.9,0.4,0,75,4.9,96.0,2.6,53.2,19.4
2022-02-25 11:00:00,1.5,1.61,0,75,6.4,93.7,3.7,54.3,14.8
2022-02-25 12:00:00,1.7,10.01,0,0,5.6,92.3,3.3,54.0,12.6
2022-02-25 13:00:00,1.2,1.02,0,72,5.4,95.6,3.1,54.2,10.8
2022-02-25 14:00:00,1.1,7.5,0,72,4.9,97.0,2.8,54.2,9.0
2022-02-25 15:00:00,1.1,6.81,0,66,3.4,97.0,2.0,54.3,14.0
2022-02-25 16:00:00,1.0,2.9,0,43,2.0,95.6,0.9,54.0,23.4
2022-02-25 17:00:00,1.2,8.05,0,66,2.2,95.1,0.6,54.3,28.8
2022-02-25 18:00:00,1.4,16.09,0,0,1.9,91.8,0.5,54.3,23.0
2022-02-25 19:00:00,1.2,16.09,0,0,1.4,90.4,0.3,54.2,20.2
2022-02-25 20:00:00,1.2,16.09,0,0,1.0,86.0,0.2,54.1,18.7
2022-02-25 21:00:00,0.9,16.09,0,0,0.9,86.9,0.2,54.1,18.7
2022-02-25 22:00:00,0.6,16.09,0,0,0.6,86.0,0.1,54.1,15.8
2022-02-25 23:00:00,0.5,16.09,0,0,0.0,86.0,0.0,54.1,15.8
2022-02-26 00:00:00,-0.1,16.09,0,0,0.0,86.5,0.0,54.1,15.5
2022-02-26 01:00:00,-0.2,16.09,0,0,0.0,87.3,0.0,54.1,20.2
2022-02-26 02:00:00,-1.0,16.09,0,0,0.0,88.6,0.0,54.1,16.2
2022-02-26 03:00:00,-1.3,16.09,0,0,0.0,86.9,0.0,54.1,16.6
2022-02-26 04:00:00,-1.5,16.09,0,0,0.0,85.2,0.0,54.1,17.3
2022-02-26 05:00:00,-2.0,16.09,0,0,0.0,85.2,0.0,54.1,15.5
2022-02-26 06:00:00,-2.2,16.09,0,0,0.0,83.5,0.0,54.1,15.1
2022-02-26 07:00:00,-1.5,16.09,0,0,0.0,78.2,0.0,54.1,18.0
2022-02-26 08:00:00,-0.8,16.09,0,0,0.0,74.4,0.0,54.1,17.6
2022-02-26 09:00:00,0.3,16.09,1,0,0.0,71.1,0.0,54.1,20.5
2022-02-26 10:00:00,0.8,16.09,1,0,0.0,69.7,0.0,54.1,16.2
2022-02-26 11:00:00,1.0,16.09,1,0,0.0,68.7,0.0,54.1,17.6
2022-02-26 12:00:00,1.3,16.09,0,0,0.0,64.4,0.0,54.1,17.6
2022-02-26 13:00:00,0.8,16.09,0,0,0.0,60.9,0.0,54.1,20.9
2022-02-26 14:00:00,0.2,16.09,0,0,0.0,60.3,0.0,54.1,15.1
2022-02-26 15:00:00,-0.7,16.09,0,0,0.0,62.8,0.0,54.1,14.4
2022-02-26 16:00:00,-1.9,16.09,0,0,0.0,74.8,0.0,54.1,11.5
2022-02-26 17:00:00,-3.0,16.09,0,0,0.0,78.2,0.0,54.1,11.2
2022-02-26 18:00:00,-3.6,16.09,0,0,0.0,82.2,0.0,54.1,10.8
2022-02-26 19:00:00,-3.2,11.97,0,0,0.0,70.4,0.0,54.1,6.8
2022-02-26 20:00:00,-4.6,16.09,0,0,0.0,84.3,0.0,54.1,6.5
2022-02-26 21:00:00,-5.1,16.09,0,0,0.0,86.0,0.0,54.1,4.0
2022-02-26 22:00:00,-5.6,16.09,0,0,0.0,86.9,0.0,54.1,3.6
2022-02-26 23:00:00,-6.0,16.09,0,0,0.0,86.0,0.0,54.1,4.3
2022-02-27 00:00:00,-5.9,15.96,0,0,0.0,86.5,0.0,54.1,4.0
2022-02-27 01:00:00,-5.7,16.09,0,0,0.0,86.5,0.0,54.1,4.7
2022-02-27 02:00:00,-5.7,16.09,0,0,0.0,88.2,0.0,54.1,9.4
2022-02-27 03:00:00,-3.6,16.09,0,0,0.0,86.0,0.0,54.1,13.3
2022-02-27 04:00:00,-3.0,16.09,0,0,0.0,89.5,0.0,54.1,20.2
2022-02-27 05:00:00,-1.2,16.09,0,0,0.0,86.5,0.0,54.1,20.2
2022-02-27 06:00:00,-0.6,16.09,0,0,0.0,87.3,0.0,54.1,20.9
2022-02-27 07:00:00,-0.2,16.09,0,0,0.0,86.5,0.0,54.1,21.6
2022-02-27 08:00:00,0.3,16.09,0,0,0.0,85.6,0.0,54.1,24.1
2022-02-27 09:00:00,0.9,16.09,1,0,0.0,79.4,0.0,54.1,25.2
2022-02-27 10:00:00,1.3,16.09,1,0,0.0,77.8,0.0,54.1,26.3
2022-02-27 11:00:00,1.9,16.09,1,0,0.0,77.1,0.0,54.1,26.3
2022-02-27 12:00:00,2.3,16.09,1,0,0.0,78.6,0.0,54.1,25.6
2022-02-27 13:00:00,2.6,16.09,0,0,0.0,78.6,0.0,54.1,24.1
2022-02-27 14:00:00,2.3,16.09,0,0,0.0,81.0,0.0,54.1,23.4
2022-02-27 15:00:00,1.9,16.09,0,0,0.0,83.9,0.0,54.1,23.4
2022-02-27 16:00:00,1.7,16.09,0,0,0.0,85.6,0.0,54.1,19.8
2022-02-27 17:00:00,1.5,16.09,0,0,0.0,87.3,0.0,54.1,20.2
2022-02-27 18:00:00,1.5,16.09,0,0,0.0,88.6,0.0,54.1,21.2
2022-02-27 19:00:00,1.3,16.09,0,0,0.0,90.4,0.0,54.1,16.9
2022-02-27 20:00:00,1.0,16.09,0,0,0.0,93.2,0.0,54.1,16.6
2022-02-27 21:00:00,0.8,16.09,0,0,0.0,93.7,0.0,54.1,13.7
2022-02-27 22:00:00,0.8,16.09,0,0,0.0,94.1,0.0,54.1,13.7
2022-02-27 23:00:00,0.5,16.09,0,0,0.0,95.6,0.0,54.1,15.1
2022-02-28 00:00:00,0.3,16.09,0,0,0.0,94.6,0.0,54.1,12.2
2022-02-28 01:00:00,-0.3,16.09,0,0,0.0,95.6,0.0,54.1,11.9
2022-02-28 02:00:00,-0.2,16.09,0,0,0.0,95.1,0.0,54.1,13.0
2022-02-28 03:00:00,-0.4,16.09,0,0,0.0,94.1,0.0,54.1,13.0
2022-02-28 04:00:00,-0.6,16.09,0,0,0.0,94.6,0.0,54.1,11.9
2022-02-28 05:00:00,-0.8,16.09,0,0,0.0,94.6,0.0,54.1,11.5
2022-02-28 06:00:00,-0.9,16.09,0,0,0.0,92.7,0.0,54.1,11.9
2022-02-28 07:00:00,-0.1,16.09,0,0,0.0,88.2,0.0,54.1,13.7
2022-02-28 08:00:00,1.3,16.09,0,0,0.0,82.7,0.0,54.1,11.2
2022-02-28 09:00:00,2.3,16.09,1,0,0.0,78.2,0.0,54.1,11.5
2022-02-28 10:00:00,2.7,16.09,1,0,0.0,77.1,0.0,54.1,11.9
2022-02-28 11:00:00,3.5,16.09,1,0,0.0,74.0,0.0,54.1,12.6
2022-02-28 12:00:00,4.1,16.09,1,0,0.0,70.4,0.0,54.1,15.8
2022-02-28 13:00:00,4.0,16.09,0,0,0.0,72.9,0.0,54.1,15.8
2022-02-28 14:00:00,3.7,16.09,0,0,0.0,72.9,0.0,54.1,15.5
2022-02-28 15:00:00,2.2,16.09,0,0,0.0,75.2,0.0,54.1,14.0
2022-02-28 16:00:00,1.9,16.09,0,0,0.0,75.9,0.0,54.1,16.6
2022-02-28 17:00:00,0.9,16.09,0,0,0.0,81.8,0.0,54.1,16.9
2022-02-28 18:00:00,0.5,16.09,0,0,0.0,84.3,0.0,54.1,17.3
2022-02-28 19:00:00,0.8,16.09,0,0,0.0,89.5,0.0,54.1,19.1
2022-02-28 20:00:00,0.7,16.09,0,0,0.0,92.3,0.0,54.1,16.6
2022-02-28 21:00:00,0.7,16.09,0,0,0.0,91.8,0.0,54.1,16.2
2022-02-28 22:00:00,0.3,16.09,0,0,0.0,93.7,0.0,54.1,14.0
2022-02-28 23:00:00,0.1,16.09,0,0,0.0,93.2,0.0,54.1,13.0
2022-03-01 00:00:00,-0.4,16.09,0,0,0.0,94.6,0.0,54.1,12.6
2022-03-01 01:00:00,-0.4,16.09,0,0,0.0,93.2,0.0,54.1,13.3
2022-03-01 02:00:00,0.2,16.09,0,0,0.0,92.3,0.0,54.1,15.1
2022-03-01 03:00:00,-0.3,11.45,0,0,0.0,89.1,0.0,54.1,17.3
2022-03-01 04:00:00,-0.5,11.03,0,0,0.0,93.7,0.0,54.1,18.0
2022-03-01 05:00:00,0.1,16.09,0,0,0.0,98.0,0.0,54.1,17.3
2022-03-01 06:00:00,0.8,16.09,0,0,0.0,94.1,0.0,54.1,19.8
2022-03-01 07:00:00,1.8,16.09,0,0,0.0,89.5,0.0,54.1,20.2
2022-03-01 08:00:00,2.5,16.09,0,0,0.0,83.9,0.0,54.1,20.5
2022-03-01 09:00:00,3.1,16.09,1,0,0.0,79.4,0.0,54.1,20.9
2022-03-01 10:00:00,3.3,16.09,1,0,0.0,77.8,0.0,54.1,23.8
2022-03-01 11:00:00,3.5,16.09,1,0,0.0,75.9,0.0,54.1,20.9
2022-03-01 12:00:00,3.9,16.09,0,0,0.0,73.3,0.0,0.0,21.6
2022-03-01 13:00:00,3.7,16.09,0,0,0.0,74.0,0.0,0.0,20.9
2022-03-01 14:00:00,3.1,16.09,0,0,0.0,77.1,0.0,0.0,23.8
2022-03-01 15:00:00,2.6,16.09,0,0,0.0,77.4,0.0,0.0,21.2
2022-03-01 16:00:00,2.1,16.09,0,0,0.0,79.4,0.0,0.0,19.8
2022-03-01 17:00:00,1.8,16.09,0,0,0.0,81.0,0.0,0.0,22.3
2022-03-01 18:00:00,1.6,16.09,0,0,0.0,82.7,0.0,0.0,23.0
2022-03-01 19:00:00,1.4,16.09,0,0,0.0,86.5,0.0,0.0,19.4
2022-03-01 20:00:00,1.5,16.09,0,0,0.0,88.6,0.0,0.0,22.0
2022-03-01 21:00:00,1.5,16.09,0,0,0.0,89.5,0.0,0.0,19.1
2022-03-01 22:00:00,1.2,16.09,0,0,0.0,91.3,0.0,0.0,16.6
2022-03-01 23:00:00,0.8,10.82,0,0,0.0,89.1,0.0,0.0,15.1
2022-03-02 00:00:00,1.0,14.53,0,0,0.0,92.3,0.0,0.0,15.1
2022-03-02 01:00:00,0.8,10.17,0,0,0.0,94.1,0.0,0.0,16.6
2022-03-02 02:00:00,1.3,10.29,0,0,0.0,96.0,0.0,0.0,14.8
2022-03-02 03:00:00,1.5,10.54,0,0,0.0,94.1,0.0,0.0,16.9
2022-03-02 04:00:00,1.5,9.86,0,0,0.0,93.7,0.0,0.1,16.6
2022-03-02 05:00:00,1.6,9.66,0,0,0.0,94.1,0.0,0.1,13.7
2022-03-02 06:00:00,1.6,9.26,0,0,0.0,94.1,0.0,0.1,13.0
2022-03-02 07:00:00,1.8,14.25,0,0,0.0,88.6,0.0,0.1,15.8
2022-03-02 08:00:00,2.0,16.09,0,0,0.0,81.8,0.0,0.1,14.4
2022-03-02 09:00:00,2.5,16.09,0,0,0.0,79.4,0.0,0.1,12.6
2022-03-02 10:00:00,2.7,16.09,0,0,0.0,80.2,0.0,0.1,15.8
2022-03-02 11:00:00,2.6,16.09,0,0,0.0,81.4,0.0,0.1,15.8
2022-03-02 12:00:00,2.6,16.09,0,0,0.0,81.0,0.0,0.1,15.1
2022-03-02 13:00:00,2.3,16.09,0,0,0.0,83.5,0.0,0.1,15.8
2022-03-02 14:00:00,2.0,13.87,0,0,0.0,84.7,0.0,0.1,15.8
2022-03-02 15:00:00,1.6,16.09,0,0,0.0,86.5,0.0,0.1,15.8
2022-03-02 16:00:00,0.9,16.09,0,0,0.0,88.6,0.0,0.1,16.2
2022-03-02 17:00:00,0.4,15.65,0,0,0.0,91.3,0.0,0.1,18.4
2022-03-02 18:00:00,0.2,13.71,0,0,0.0,93.2,0.0,0.1,16.2
2022-03-02 19:00:00,0.2,14.41,0,0,0.0,91.8,0.0,0.1,15.1
2022-03-02 20:00:00,-0.4,14.3,0,0,0.0,93.7,0.0,0.1,12.6
2022-03-02 21:00:00,-0.7,13.87,0,0,0.0,94.1,0.0,0.1,12.2
2022-03-02 22:00:00,-1.0,13.89,0,0,0.0,95.1,0.0,0.1,13.3
2022-03-02 23:00:00,-1.2,14.68,0,0,0.0,94.6,0.0,0.1,13.3
2022-03-03 00:00:00,-1.6,16.09,0,0,0.0,92.3,0.0,0.1,8.6
2022-03-03 01:00:00,-1.7,16.09,0,0,0.0,92.7,0.0,0.1,9.7
2022-03-03 02:00:00,-1.8,16.09,0,0,0.0,92.3,0.0,0.1,10.8
2022-03-03 03:00:00,-2.3,16.09,0,0,0.0,93.2,0.0,0.1,11.2
2022-03-03 04:00:00,-2.1,16.09,0,0,0.0,95.1,0.0,0.1,10.8
2022-03-03 05:00:00,-1.7,16.09,0,0,0.0,93.2,0.0,0.1,9.4
2022-03-03 06:00:00,-1.0,16.09,0,0,0.0,88.6,0.0,0.1,13.3
2022-03-03 07:00:00,-0.6,16.09,0,0,0.0,87.3,0.0,0.1,14.8
2022-03-03 08:00:00,0.6,16.09,0,0,0.0,83.9,0.0,0.1,14.4
2022-03-03 09:00:00,1.9,16.09,1,0,0.0,77.1,0.0,0.1,14.8
2022-03-03 10:00:00,3.1,16.09,1,0,0.0,69.7,0.0,0.1,14.8
2022-03-03 11:00:00,3.9,16.09,1,0,0.0,63.4,0.0,0.1,14.8
2022-03-03 12:00:00,4.4,16.09,1,0,0.0,57.1,0.0,0.1,18.0
2022-03-03 13:00:00,4.4,16.09,0,0,0.0,54.0,0.0,0.1,20.5
2022-03-03 14:00:00,3.7,16.09,0,0,0.0,56.8,0.0,0.1,22.3
2022-03-03 15:00:00,3.2,16.09,0,0,0.0,55.4,0.0,0.1,17.6
2022-03-03 16:00:00,2.2,16.09,0,0,0.0,55.7,0.0,0.1,16.6
2022-03-03 17:00:00,1.2,16.09,0,0,0.0,58.8,0.0,0.1,16.2
2022-03-03 18:00:00,0.4,16.09,0,0,0.0,60.9,0.0,0.1,14.8
2022-03-03 19:00:00,-0.2,16.09,0,0,0.0,57.4,0.0,0.1,18.4
2022-03-03 20:00:00,-0.9,16.09,0,0,0.0,58.5,0.0,0.1,15.5
2022-03-03 21:00:00,-1.4,16.09,0,0,0.0,59.4,0.0,0.1,16.2
2022-03-03 22:00:00,-2.1,16.09,0,0,0.0,62.5,0.0,0.1,14.8
2022-03-03 23:00:00,-2.3,13.22,0,0,0.0,69.7,0.0,0.1,14.0
2022-03-04 00:00:00,-3.2,16.09,0,0,0.0,65.0,0.0,0.1,15.5
2022-03-04 01:00:00,-3.9,16.09,0,0,0.0,68.0,0.0,0.1,14.8
2022-03-04 02:00:00,-3.8,16.09,0,0,0.0,67.3,0.0,0.1,16.2
2022-03-04 03:00:00,-4.1,16.09,0,0,0.0,68.7,0.0,0.1,15.5
2022-03-04 04:00:00,-4.7,16.09,0,0,0.0,71.5,0.0,0.1,14.8
2022-03-04 05:00:00,-5.0,16.09,0,0,0.0,71.8,0.0,0.1,13.0
2022-03-04 06:00:00,-4.8,16.09,0,0,0.0,71.1,0.0,0.1,11.9
2022-03-04 07:00:00,-3.4,16.09,0,0,0.0,64.4,0.0,0.1,12.2
2022-03-04 08:00:00,-1.9,16.09,0,0,0.0,58.5,0.0,0.1,11.9
2022-03-04 09:00:00,-0.9,16.09,1,0,0.0,54.3,0.0,0.1,14.0
2022-03-04 10:00:00,0.4,16.09,1,0,0.0,50.1,0.0,0.1,13.7
2022-03-04 11:00:00,1.1,16.09,1,0,0.0,49.4,0.0,0.1,10.8
2022-03-04 12:00:00,1.3,16.09,1,0,0.0,50.1,0.0,0.1,14.0
2022-03-04 13:00:00,1.4,16.09,0,0,0.0,51.1,0.0,0.1,16.9
2022-03-04 14:00:00,1.1,16.09,0,0,0.0,51.4,0.0,0.1,13.7
2022-03-04 15:00:00,0.9,16.09,0,0,0.0,52.2,0.0,0.1,10.8
2022-03-04 16:00:00,-0.7,16.09,0,0,0.0,62.1,0.0,0.1,7.2
2022-03-04 17:00:00,-1.5,16.09,0,0,0.0,63.7,0.0,0.1,6.5
2022-03-04 18:00:00,-2.2,16.09,0,0,0.0,67.3,0.0,0.1,4.7
2022-03-04 19:00:00,-2.9,16.09,0,0,0.0,68.3,0.0,0.1,6.5
2022-03-04 20:00:00,-3.5,16.09,0,0,0.0,67.0,0.0,0.1,6.1
2022-03-04 21:00:00,-4.8,16.09,0,0,0.0,72.6,0.0,0.1,8.6
2022-03-04 22:00:00,-5.6,16.09,0,0,0.0,75.9,0.0,0.1,4.0
2022-03-04 23:00:00,-6.3,16.09,0,0,0.0,77.1,0.0,0.1,2.9
2022-03-05 00:00:00,-7.0,16.09,0,0,0.0,81.4,0.0,0.1,6.1
2022-03-05 01:00:00,-7.1,16.09,0,0,0.0,80.6,0.0,0.1,3.2
2022-03-05 02:00:00,-7.7,16.09,0,0,0.0,81.8,0.0,0.1,3.2
2022-03-05 03:00:00,-7.9,16.09,0,0,0.0,84.3,0.0,0.1,3.2
2022-03-05 04:00:00,-8.3,16.09,0,0,0.0,86.0,0.0,0.1,2.9
2022-03-05 05:00:00,-8.0,16.09,0,0,0.0,83.9,0.0,0.1,1.1
2022-03-05 06:00:00,-6.6,16.09,0,0,0.0,82.7,0.0,0.1,3.2
2022-03-05 07:00:00,-4.1,16.09,0,0,0.0,77.4,0.0,0.1,6.8
2022-03-05 08:00:00,-1.2,16.09,0,0,0.0,74.4,0.0,0.1,10.1
2022-03-05 09:00:00,-0.1,16.09,1,0,0.0,75.5,0.0,0.1,14.4
2022-03-05 10:00:00,0.8,16.09,1,0,0.0,77.8,0.0,0.1,15.5
2022-03-05 11:00:00,1.5,16.09,1,0,0.0,75.2,0.0,0.1,18.4
2022-03-05 12:00:00,1.4,16.09,1,0,0.0,79.4,0.0,0.1,21.6
2022-03-05 13:00:00,1.5,12.73,0,0,0.0,72.2,0.0,0.1,19.1
2022-03-05 14:00:00,1.1,16.09,0,0,0.0,82.7,0.0,0.1,20.5
2022-03-05 15:00:00,0.8,12.31,0,0,0.0,71.8,0.0,0.1,20.2
2022-03-05 16:00:00,0.2,16.09,0,0,0.0,75.9,0.0,0.1,22.7
2022-03-05 17:00:00,-0.3,16.09,0,0,0.0,80.6,0.0,0.1,20.2
2022-03-05 18:00:00,-0.5,16.09,0,0,0.0,82.2,0.0,0.1,19.4
2022-03-05 19:00:00,-0.8,16.09,0,0,0.0,84.3,0.0,0.1,16.9
2022-03-05 20:00:00,-0.9,16.09,0,0,0.0,86.5,0.0,0.1,16.6
2022-03-05 21:00:00,-1.1,16.09,0,0,0.0,86.9,0.0,0.1,15.8
2022-03-05 22:00:00,-1.4,16.09,0,0,0.0,88.6,0.0,0.1,14.0
2022-03-05 23:00:00,-1.8,16.09,0,0,0.0,88.2,0.0,0.1,15.5
2022-03-06 00:00:00,-2.3,16.09,0,0,0.0,87.8,0.0,0.1,15.1
2022-03-06 01:00:00,-2.4,16.09,0,0,0.0,86.9,0.0,0.1,14.8
2022-03-06 02:00:00,-2.7,16.09,0,0,0.0,86.9,0.0,0.1,16.2
2022-03-06 03:00:00,-2.7,16.09,0,0,0.0,87.3,0.0,0.1,16.2
2022-03-06 04:00:00,-2.6,16.09,0,0,0.0,89.1,0.0,0.1,17.6
2022-03-06 05:00:00,-2.1,16.09,0,0,0.0,88.6,0.0,0.1,17.6
2022-03-06 06:00:00,-2.1,16.09,0,0,0.0,88.6,0.0,0.1,17.6
2022-03-06 07:00:00,-1.0,16.09,0,0,0.0,83.5,0.0,0.1,16.9
2022-03-06 08:00:00,0.7,16.09,0,0,0.0,77.4,0.0,0.1,16.9
2022-03-06 09:00:00,1.9,16.09,1,0,0.0,72.9,0.0,0.1,14.4
2022-03-06 10:00:00,2.6,16.09,1,0,0.0,70.1,0.0,0.1,20.2
2022-03-06 11:00:00,3.5,16.09,1,0,0.0,65.0,0.0,0.1,18.0
2022-03-06 12:00:00,4.0,16.09,1,0,0.0,60.3,0.0,0.1,15.8
2022-03-06 13:00:00,4.2,16.09,0,0,0.0,57.6,0.0,0.1,18.4
2022-03-06 14:00:00,4.0,16.09,0,0,0.0,59.7,0.0,0.1,20.9
2022-03-06 15:00:00,3.4,16.09,0,0,0.0,64.0,0.0,0.1,18.4
2022-03-06 16:00:00,2.6,16.09,0,0,0.0,67.0,0.0,0.1,22.0
2022-03-06 17:00:00,2.0,16.09,0,0,0.0,70.4,0.0,0.1,18.7
2022-03-06 18:00:00,1.6,16.09,0,0,0.0,73.7,0.0,0.1,11.9
2022-03-06 19:00:00,1.3,16.09,0,0,0.0,76.7,0.0,0.1,11.5
2022-03-06 20:00:00,1.1,16.09,0,0,0.0,78.6,0.0,0.1,14.0
2022-03-06 21:00:00,1.0,16.09,0,0,0.1,80.2,0.1,0.2,14.8
2022-03-06 22:00:00,0.5,16.09,0,0,0.1,84.7,0.1,0.2,11.2
2022-03-06 23:00:00,-0.3,16.09,0,0,0.0,91.3,0.0,0.1,12.2
2022-03-07 00:00:00,0.1,16.09,0,0,0.0,90.4,0.0,0.1,11.5
2022-03-07 01:00:00,0.4,16.09,0,0,0.0,86.5,0.0,0.1,12.6
2022-03-07 02:00:00,-0.4,16.09,0,0,0.0,83.1,0.0,0.1,12.6
2022-03-07 03:00:00,0.3,16.09,0,0,0.0,76.3,0.0,0.1,13.0
2022-03-07 04:00:00,0.2,16.09,0,0,0.0,78.6,0.0,0.1,9.4
2022-03-07 05:00:00,0.2,16.09,0,0,0.0,78.6,0.0,0.1,9.0
2022-03-07 06:00:00,0.4,16.09,0,0,0.0,74.8,0.0,0.1,14.0
2022-03-07 07:00:00,0.5,16.09,0,0,0.0,73.3,0.0,0.1,17.6
2022-03-07 08:00:00,0.7,16.09,0,0,0.0,70.8,0.0,0.1,13.3
2022-03-07 09:00:00,1.0,16.09,0,0,0.0,69.7,0.0,0.1,12.2
2022-03-07 10:00:00,1.1,16.09,0,0,0.0,66.3,0.0,0.1,16.2
2022-03-07 11:00:00,1.3,16.09,0,0,0.0,67.0,0.0,0.1,13.0
2022-03-07 12:00:00,1.0,16.09,0,0,0.0,67.0,0.0,0.1,14.4
2022-03-07 13:00:00,0.8,16.09,0,0,0.0,68.0,0.0,0.1,10.8
2022-03-07 14:00:00,0.3,16.09,0,0,0.0,69.7,0.0,0.1,11.2
2022-03-07 15:00:00,-0.5,16.09,0,0,0.0,71.5,0.0,0.1,11.9
2022-03-07 16:00:00,-1.2,16.09,0,0,0.0,72.2,0.0,0.1,11.2
2022-03-07 17:00:00,-1.7,16.09,0,0,0.0,72.9,0.0,0.1,13.3
2022-03-07 18:00:00,-2.5,16.09,0,0,0.0,70.4,0.0,0.1,13.7
2022-03-07 19:00:00,-2.6,16.09,0,0,0.0,69.0,0.0,0.1,10.8
2022-03-07 20:00:00,-2.7,16.09,0,0,0.0,66.7,0.0,0.1,11.2
2022-03-07 21:00:00,-2.7,16.09,0,0,0.0,67.0,0.0,0.1,13.3
2022-03-07 22:00:00,-2.6,16.09,0,0,0.0,69.4,0.0,0.1,13.0
2022-03-07 23:00:00,-2.6,16.09,0,0,0.0,71.8,0.0,0.1,14.0
2022-03-08 00:00:00,-2.5,16.09,0,0,0.0,72.2,0.0,0.1,14.0
2022-03-08 01:00:00,-2.6,16.09,0,72,0.2,72.9,0.2,0.4,17.6
2022-03-08 02:00:00,-3.0,1.79,0,75,0.5,76.7,0.8,1.0,15.5
2022-03-08 03:00:00,-3.2,2.06,0,75,0.9,86.9,1.2,1.4,18.0
2022-03-08 04:00:00,-3.1,1.22,0,75,1.3,86.5,1.8,1.9,18.4
2022-03-08 05:00:00,-3.1,1.16,0,75,1.8,89.5,2.5,2.6,19.4
2022-03-08 06:00:00,-2.9,1.27,0,75,2.1,90.4,2.8,2.7,22.0
2022-03-08 07:00:00,-2.5,0.5,0,75,2.3,91.8,3.2,3.2,20.2
2022-03-08 08:00:00,-2.3,1.02,0,75,2.6,90.9,3.2,3.6,20.2
2022-03-08 09:00:00,-2.3,0.96,0,75,2.9,90.9,3.4,4.2,20.2
2022-03-08 10:00:00,-2.2,1.65,0,75,2.8,90.4,3.2,4.4,19.1
2022-03-08 11:00:00,-2.0,2.09,0,75,2.5,90.4,2.7,4.5,18.0
2022-03-08 12:00:00,-1.7,6.44,0,75,2.4,90.9,2.6,4.5,17.6
2022-03-08 13:00:00,-1.9,6.44,0,0,1.8,93.2,1.9,4.3,14.4
2022-03-08 14:00:00,-1.8,1.67,0,66,1.2,93.7,1.3,4.0,10.4
2022-03-08 15:00:00,-2.0,4.77,0,85,0.9,94.1,0.8,3.9,13.3
2022-03-08 16:00:00,-2.1,3.39,0,91,1.3,94.6,0.8,4.2,12.6
2022-03-08 17:00:00,-2.0,3.15,0,66,1.2,93.7,0.6,4.3,13.0
2022-03-08 18:00:00,-2.1,6.72,0,69,0.6,93.2,0.5,4.3,13.7
2022-03-08 19:00:00,-2.3,16.07,0,66,0.5,92.3,0.5,4.2,16.6
2022-03-08 20:00:00,-2.4,14.32,0,0,0.4,92.3,0.4,4.3,11.2
2022-03-08 21:00:00,-2.5,3.51,0,85,0.6,93.2,0.3,4.2,9.7
2022-03-08 22:00:00,-2.5,16.09,0,91,1.3,92.3,0.3,4.3,9.4
2022-03-08 23:00:00,-2.7,16.09,0,0,1.1,91.8,0.3,4.3,13.0
2022-03-09 00:00:00,-2.5,16.09,0,0,0.2,90.4,0.0,4.2,14.8
2022-03-09 01:00:00,-2.8,16.09,0,0,0.0,90.0,0.0,4.2,12.6
2022-03-09 02:00:00,-3.1,16.09,0,0,0.0,90.9,0.0,4.2,15.1
2022-03-09 03:00:00,-3.1,6.6,0,0,0.0,93.7,0.0,4.2,14.0
2022-03-09 04:00:00,-3.2,6.44,0,0,0.0,93.7,0.0,4.2,11.9
2022-03-09 05:00:00,-3.3,7.49,0,0,0.0,93.7,0.0,4.2,14.0
2022-03-09 06:00:00,-3.2,7.7,0,0,0.0,92.7,0.0,4.2,15.8
2022-03-09 07:00:00,-2.9,16.09,0,0,0.0,88.6,0.0,4.2,16.2
2022-03-09 08:00:00,-2.6,16.09,0,0,0.0,86.5,0.0,4.2,18.0
2022-03-09 09:00:00,-2.4,16.09,0,0,0.0,81.8,0.0,4.2,18.4
2022-03-09 10:00:00,-1.9,16.09,1,0,0.0,71.8,0.0,4.2,20.9
2022-03-09 11:00:00,-1.9,16.09,1,0,0.0,69.4,0.0,4.2,23.8
2022-03-09 12:00:00,-1.8,16.09,1,0,0.0,62.1,0.0,4.2,18.0
2022-03-09 13:00:00,-1.9,16.09,0,0,0.0,62.5,0.0,4.2,16.9
2022-03-09 14:00:00,-2.3,16.09,0,0,0.0,61.5,0.0,4.2,17.3
2022-03-09 15:00:00,-2.7,16.09,0,0,0.0,61.8,0.0,4.2,16.6
2022-03-09 16:00:00,-3.2,16.09,0,0,0.0,63.1,0.0,4.2,12.2
2022-03-09 17:00:00,-3.9,16.09,0,0,0.0,66.3,0.0,4.2,11.5
2022-03-09 18:00:00,-3.8,16.09,0,0,0.0,68.0,0.0,4.2,12.2
2022-03-09 19:00:00,-3.6,16.09,0,0,0.0,66.0,0.0,4.2,14.4
2022-03-09 20:00:00,-3.5,16.09,0,0,0.0,62.5,0.0,4.2,13.7
2022-03-09 21:00:00,-3.8,16.09,0,0,0.0,61.2,0.0,4.2,14.4
2022-03-09 22:00:00,-4.1,16.09,0,0,0.0,54.0,0.0,4.2,14.0
2022-03-09 23:00:00,-4.5,16.09,0,0,0.0,53.7,0.0,4.2,13.7
2022-03-10 00:00:00,-4.2,16.09,0,0,0.0,47.9,0.0,4.2,16.9
2022-03-10 01:00:00,-4.3,16.09,0,0,0.0,51.9,0.0,4.2,15.5
2022-03-10 02:00:00,-4.0,16.09,0,0,0.0,51.4,0.0,4.2,20.2
2022-03-10 03:00:00,-4.1,16.09,0,0,0.0,58.8,0.0,4.2,15.5
2022-03-10 04:00:00,-4.0,16.09,0,0,0.0,60.9,0.0,4.2,16.6
2022-03-10 05:00:00,-3.4,16.09,0,0,0.0,64.0,0.0,4.2,18.7
2022-03-10 06:00:00,-2.8,16.09,0,0,0.0,68.7,0.0,4.2,19.4
2022-03-10 07:00:00,-1.8,16.09,0,0,0.0,71.8,0.0,4.2,17.6
2022-03-10 08:00:00,-0.6,16.09,1,0,0.0,70.4,0.0,4.2,20.5
2022-03-10 09:00:00,0.1,16.09,1,0,0.0,69.7,0.0,4.2,23.4
2022-03-10 10:00:00,0.4,16.09,1,0,0.0,70.1,0.0,4.2,23.4
2022-03-10 11:00:00,0.7,16.09,1,0,0.0,69.0,0.0,4.2,23.4
2022-03-10 12:00:00,1.0,16.09,1,0,0.0,67.3,0.0,4.2,24.1
2022-03-10 13:00:00,0.8,16.09,0,0,0.0,69.0,0.0,4.2,25.6
2022-03-10 14:00:00,0.6,16.09,0,0,0.0,71.5,0.0,4.2,24.1
2022-03-10 15:00:00,0.3,16.09,0,0,0.0,72.9,0.0,4.2,20.5
2022-03-10 16:00:00,-0.1,16.09,0,0,0.0,70.1,0.0,4.2,21.2
2022-03-10 17:00:00,-0.1,16.09,0,0,0.0,71.1,0.0,4.2,21.2
2022-03-10 18:00:00,0.1,16.09,0,0,0.0,72.2,0.0,4.2,23.8
2022-03-10 19:00:00,0.1,16.09,0,0,0.0,74.8,0.0,4.2,20.9
2022-03-10 20:00:00,0.1,16.09,0,0,0.0,79.4,0.0,4.2,18.7
2022-03-10 21:00:00,0.3,16.09,0,0,0.0,82.2,0.0,4.2,20.9
2022-03-10 22:00:00,0.5,16.09,0,0,0.0,83.9,0.0,4.2,23.0
2022-03-10 23:00:00,0.5,16.09,0,0,0.0,83.5,0.0,4.2,22.0
2022-03-11 00:00:00,0.7,16.09,0,0,0.0,83.1,0.0,4.2,19.1
2022-03-11 01:00:00,0.9,16.09,0,0,0.0,82.2,0.0,4.2,17.3
2022-03-11 02:00:00,0.9,16.09,0,0,0.0,83.5,0.0,4.2,19.8
2022-03-11 03:00:00,0.9,16.09,0,0,0.0,83.9,0.0,4.2,18.7
2022-03-11 04:00:00,0.8,16.09,0,0,0.0,84.3,0.0,4.2,17.6
2022-03-11 05:00:00,0.3,16.09,0,0,0.0,86.9,0.0,4.2,20.9
2022-03-11 06:00:00,0.8,16.09,0,0,0.0,85.6,0.0,4.2,21.6
2022-03-11 07:00:00,1.4,16.09,0,0,0.0,84.3,0.0,4.2,19.1
2022-03-11 08:00:00,2.0,16.09,0,0,0.0,81.4,0.0,4.2,19.8
2022-03-11 09:00:00,2.8,16.09,1,0,0.0,77.1,0.0,4.2,21.6
2022-03-11 10:00:00,3.5,16.09,1,0,0.0,71.8,0.0,4.2,19.8
2022-03-11 11:00:00,4.0,16.09,1,0,0.0,68.7,0.0,4.2,18.0
2022-03-11 12:00:00,4.4,16.09,1,0,0.0,65.0,0.0,4.2,20.2
2022-03-11 13:00:00,4.2,16.09,0,0,0.0,67.3,0.0,4.2,19.4
2022-03-11 14:00:00,3.7,16.09,0,0,0.0,69.0,0.0,4.2,17.6
2022-03-11 15:00:00,2.9,16.09,0,0,0.0,71.1,0.0,4.2,17.6
2022-03-11 16:00:00,2.0,16.09,0,0,0.0,75.9,0.0,4.2,14.8
2022-03-11 17:00:00,1.3,16.09,0,0,0.0,79.8,0.0,4.2,13.0
2022-03-11 18:00:00,1.0,16.09,0,0,0.0,81.4,0.0,4.2,11.2
2022-03-11 19:00:00,0.6,16.09,0,0,0.0,82.2,0.0,4.2,10.1
2022-03-11 20:00:00,0.5,16.09,0,0,0.0,83.9,0.0,4.2,7.6
2022-03-11 21:00:00,0.4,16.09,0,0,0.0,84.7,0.0,4.2,10.8
2022-03-11 22:00:00,0.1,16.09,0,0,0.0,86.0,0.0,4.2,10.8
2022-03-11 23:00:00,-0.1,16.09,0,0,0.0,86.9,0.0,4.2,7.2
2022-03-12 00:00:00,0.1,16.09,0,0,0.0,84.7,0.0,4.2,6.5
2022-03-12 01:00:00,-0.7,16.09,0,0,0.0,88.6,0.0,4.2,4.7
2022-03-12 02:00:00,-0.9,16.09,0,0,0.0,90.4,0.0,4.2,8.3
2022-03-12 03:00:00,-1.2,15.73,0,0,0.0,90.4,0.0,4.2,7.6
2022-03-12 04:00:00,-1.7,13.59,0,0,0.0,92.3,0.0,4.2,6.8
2022-03-12 05:00:00,-2.1,10.21,0,0,0.0,93.2,0.0,4.2,6.5
2022-03-12 06:00:00,-1.3,11.88,0,0,0.0,93.7,0.0,4.2,3.6
2022-03-12 07:00:00,1.4,16.09,0,0,0.0,78.2,0.0,4.2,2.5
2022-03-12 08:00:00,2.8,16.09,1,0,0.0,72.6,0.0,4.2,2.2
2022-03-12 09:00:00,3.9,16.09,1,0,0.0,69.0,0.0,4.2,4.0
2022-03-12 10:00:00,4.2,16.09,1,0,0.0,68.7,0.0,4.2,5.8
2022-03-12 11:00:00,4.7,16.09,1,0,0.0,67.0,0.0,4.2,7.6
2022-03-12 12:00:00,4.8,16.09,1,0,0.0,67.0,0.0,4.2,7.2
2022-03-12 13:00:00,4.6,16.09,0,0,0.0,67.0,0.0,4.2,7.6
2022-03-12 14:00:00,4.0,16.09,0,0,0.0,70.1,0.0,4.2,9.0
2022-03-12 15:00:00,3.5,16.09,0,0,0.0,71.5,0.0,4.2,10.1
2022-03-12 16:00:00,2.9,16.09,0,0,0.0,72.2,0.0,4.2,9.0
2022-03-12 17:00:00,1.8,16.09,0,0,0.0,75.2,0.0,4.2,7.9
2022-03-12 18:00:00,0.5,16.09,0,0,0.0,79.8,0.0,4.2,5.8
2022-03-12 19:00:00,0.2,16.09,0,0,0.0,81.0,0.0,4.2,7.2
2022-03-12 20:00:00,-0.6,16.09,0,0,0.0,81.4,0.0,4.2,1.8
2022-03-12 21:00:00,-1.1,16.09,0,0,0.0,83.5,0.0,4.2,4.7
2022-03-12 22:00:00,-1.2,16.09,0,0,0.0,86.9,0.0,4.2,7.2
2022-03-12 23:00:00,-1.8,15.03,0,0,0.0,89.1,0.0,4.2,4.0
2022-03-13 00:00:00,-2.4,12.28,0,0,0.0,90.9,0.0,4.2,4.7
2022-03-13 01:00:00,-2.8,9.33,0,0,0.0,91.8,0.0,4.2,4.0
2022-03-13 02:00:00,-3.2,9.75,0,0,0.0,91.8,0.0,4.2,7.2
2022-03-13 03:00:00,-3.6,9.72,0,0,0.0,92.7,0.0,4.2,6.8
2022-03-13 04:00:00,-4.2,9.54,0,0,0.0,91.3,0.0,4.2,3.2
2022-03-13 05:00:00,-4.3,10.09,0,0,0.0,91.3,0.0,4.2,4.0
2022-03-13 06:00:00,-3.0,11.12,0,0,0.0,89.1,0.0,4.2,4.0
2022-03-13 07:00:00,-1.1,16.05,0,0,0.0,90.4,0.0,4.2,2.2
2022-03-13 08:00:00,0.7,16.09,1,0,0.0,79.0,0.0,4.2,4.0
2022-03-13 09:00:00,2.6,16.09,1,0,0.0,69.0,0.0,4.2,9.7
2022-03-13 10:00:00,3.9,16.09,1,0,0.0,60.9,0.0,4.2,8.3
2022-03-13 11:00:00,5.2,16.09,1,0,0.0,60.0,0.0,4.2,6.1
2022-03-13 12:00:00,5.1,16.09,1,0,0.0,60.9,0.0,4.2,9.4
2022-03-13 13:00:00,5.2,16.09,0,0,0.0,61.5,0.0,4.2,7.9
2022-03-13 14:00:00,4.8,16.09,0,0,0.0,61.5,0.0,4.2,9.7
2022-03-13 15:00:00,5.0,16.09,0,0,0.0,61.5,0.0,4.2,10.4
2022-03-13 16:00:00,4.0,16.09,0,0,0.0,65.7,0.0,4.2,12.2
2022-03-13 17:00:00,2.6,16.09,0,0,0.0,69.4,0.0,4.2,10.1
2022-03-13 18:00:00,2.1,16.09,0,0,0.0,65.0,0.0,4.2,9.7
2022-03-13 19:00:00,2.0,16.09,0,0,0.0,56.5,0.0,4.2,11.5
2022-03-13 20:00:00,1.9,16.09,0,0,0.0,53.2,0.0,4.2,11.5
2022-03-13 21:00:00,1.0,16.09,0,0,0.0,57.6,0.0,4.2,11.9
2022-03-13 22:00:00,0.3,16.09,0,0,0.0,58.2,0.0,4.2,9.0
2022-03-13 23:00:00,-0.2,16.09,0,0,0.0,57.9,0.0,4.2,7.9
2022-03-14 00:00:00,-1.1,16.09,0,0,0.0,63.1,0.0,4.2,10.4
2022-03-14 01:00:00,-1.9,16.09,0,0,0.0,63.7,0.0,4.2,6.8
2022-03-14 02:00:00,-2.0,16.09,0,0,0.0,63.1,0.0,4.2,10.1
2022-03-14 03:00:00,-2.0,16.09,0,0,0.0,61.5,0.0,4.2,7.6
2022-03-14 04:00:00,-3.0,16.09,0,0,0.0,73.7,0.0,4.2,5.4
2022-03-14 05:00:00,-2.5,16.09,0,0,0.0,73.3,0.0,4.2,6.1
2022-03-14 06:00:00,-0.6,16.09,0,0,0.1,66.3,0.1,4.3,5.0
2022-03-14 07:00:00,2.7,16.09,0,0,0.1,57.6,0.1,4.3,4.7
2022-03-14 08:00:00,5.0,16.09,1,0,0.1,45.6,0.1,4.3,4.7
2022-03-14 09:00:00,6.3,16.09,1,0,0.0,42.3,0.0,4.3,5.0
2022-03-14 10:00:00,8.0,16.09,1,0,0.0,36.9,0.0,4.3,8.6
2022-03-14 11:00:00,8.2,16.09,1,0,0.0,36.7,0.0,4.3,9.4
2022-03-14 12:00:00,8.4,16.09,1,0,0.0,38.2,0.0,4.3,9.7
2022-03-14 13:00:00,8.7,16.09,0,0,0.0,38.8,0.0,4.3,10.1
2022-03-14 14:00:00,8.1,16.09,0,0,0.0,44.2,0.0,4.3,9.7
2022-03-14 15:00:00,7.2,16.09,0,0,0.0,44.9,0.0,4.3,10.1
2022-03-14 16:00:00,5.4,16.09,0,0,0.0,50.9,0.0,4.3,10.1
2022-03-14 17:00:00,4.0,16.09,0,0,0.0,53.5,0.0,4.3,11.5
2022-03-14 18:00:00,3.1,16.09,0,0,0.0,53.2,0.0,4.3,10.8
2022-03-14 19:00:00,1.8,16.09,0,0,0.0,55.7,0.0,4.3,10.4
2022-03-14 20:00:00,0.9,16.09,0,0,0.0,57.4,0.0,4.3,9.0
2022-03-14 21:00:00,0.3,16.09,0,0,0.0,51.9,0.0,4.3,7.9
2022-03-14 22:00:00,-0.9,16.09,0,0,0.0,59.4,0.0,4.3,7.9
2022-03-14 23:00:00,-2.2,16.09,0,0,0.0,64.4,0.0,4.3,6.1
2022-03-15 00:00:00,-2.1,16.09,0,0,0.0,60.0,0.0,4.3,7.6
2022-03-15 01:00:00,-2.8,16.09,0,0,0.0,60.9,0.0,4.3,7.2
2022-03-15 02:00:00,-2.5,16.09,0,0,0.0,60.3,0.0,4.3,5.0
2022-03-15 03:00:00,-3.6,16.09,0,0,0.0,74.8,0.0,4.3,4.7
2022-03-15 04:00:00,-3.9,16.09,0,0,0.0,68.7,0.0,4.3,5.0
2022-03-15 05:00:00,-3.8,16.09,0,0,0.0,74.0,0.0,4.3,3.6
2022-03-15 06:00:00,-1.8,16.09,0,0,0.0,68.3,0.0,4.3,6.1
2022-03-15 07:00:00,0.4,16.09,0,0,0.0,68.7,0.0,4.3,4.0
2022-03-15 08:00:00,2.6,16.08,1,0,0.0,69.0,0.0,4.3,6.5
2022-03-15 09:00:00,4.7,16.09,1,0,0.0,61.8,0.0,4.3,8.6
2022-03-15 10:00:00,6.2,16.09,1,0,0.0,53.2,0.0,4.3,6.5
2022-03-15 11:00:00,6.3,16.09,1,0,0.0,55.4,0.0,4.3,7.2
2022-03-15 12:00:00,5.1,16.09,1,0,0.0,65.7,0.0,4.3,9.7
2022-03-15 13:00:00,6.3,16.09,1,0,0.0,56.5,0.0,4.3,7.6
2022-03-15 14:00:00,6.0,16.09,0,0,0.0,54.6,0.0,4.3,7.2
2022-03-15 15:00:00,4.8,16.09,0,0,0.0,62.1,0.0,4.3,5.0
2022-03-15 16:00:00,3.5,16.09,0,0,0.0,62.1,0.0,4.3,7.6
2022-03-15 17:00:00,1.1,16.09,0,0,0.0,79.0,0.0,4.3,1.8
2022-03-15 18:00:00,0.7,12.21,0,0,0.0,83.5,0.0,4.3,2.2
2022-03-15 19:00:00,0.1,9.28,0,0,0.0,86.0,0.0,4.3,5.4
2022-03-15 20:00:00,-0.6,11.21,0,0,0.0,85.6,0.0,4.3,5.8
2022-03-15 21:00:00,-1.0,8.35,0,0,0.0,87.3,0.0,4.3,8.3
2022-03-15 22:00:00,-1.2,8.05,0,0,0.0,88.2,0.0,4.3,8.3
2022-03-15 23:00:00,-1.6,8.05,0,0,0.0,90.4,0.0,4.3,7.6
2022-03-16 00:00:00,-2.4,8.05,0,0,0.0,88.2,0.0,4.3,5.0
2022-03-16 01:00:00,-2.8,8.05,0,0,0.0,86.5,0.0,4.3,7.9
2022-03-16 02:00:00,-2.4,8.05,0,0,0.0,89.1,0.0,4.3,9.4
2022-03-16 03:00:00,-2.5,8.05,0,0,0.0,89.1,0.0,4.3,9.4
2022-03-16 04:00:00,-3.1,8.05,0,0,0.0,89.5,0.0,4.3,6.1
2022-03-16 05:00:00,-2.7,8.22,0,0,0.0,89.1,0.0,4.3,11.2
2022-03-16 06:00:00,-0.9,9.99,0,0,0.0,83.5,0.0,4.3,11.2
2022-03-16 07:00:00,1.0,13.84,0,0,0.0,74.8,0.0,4.3,7.9
2022-03-16 08:00:00,2.5,16.09,1,0,0.0,68.7,0.0,4.3,10.8
2022-03-16 09:00:00,3.4,16.09,1,0,0.0,63.1,0.0,4.3,11.5
2022-03-16 10:00:00,3.9,16.09,1,0,0.0,59.7,0.0,4.3,9.4
2022-03-16 11:00:00,4.6,16.09,1,0,0.0,55.4,0.0,4.3,9.4
2022-03-16 12:00:00,4.9,16.09,1,0,0.0,49.1,0.0,4.3,12.6
2022-03-16 13:00:00,4.6,16.09,1,0,0.0,50.1,0.0,4.3,11.2
2022-03-16 14:00:00,4.2,16.09,0,0,0.0,49.6,0.0,4.3,10.8
2022-03-16 15:00:00,3.3,16.09,0,0,0.0,53.2,0.0,4.3,11.5
2022-03-16 16:00:00,2.2,16.09,0,0,0.0,61.8,0.0,4.3,8.6
2022-03-16 17:00:00,0.7,16.09,0,0,0.0,72.6,0.0,4.3,9.0
2022-03-16 18:00:00,-0.1,16.09,0,0,0.0,75.2,0.0,4.3,11.2
2022-03-16 19:00:00,-0.2,16.09,0,0,0.0,78.2,0.0,4.3,7.6
2022-03-16 20:00:00,-0.5,16.09,0,0,0.0,77.4,0.0,4.3,7.9
2022-03-16 21:00:00,-1.0,16.09,0,0,0.0,78.6,0.0,4.3,5.8
2022-03-16 22:00:00,-1.7,16.09,0,0,0.0,83.1,0.0,4.3,7.2
2022-03-16 23:00:00,-1.9,16.09,0,0,0.0,82.7,0.0,4.3,7.2
2022-03-17 00:00:00,-2.4,16.09,0,0,0.0,84.3,0.0,4.3,7.2
2022-03-17 01:00:00,-2.4,16.09,0,0,0.0,88.6,0.0,4.3,4.7
2022-03-17 02:00:00,-2.9,13.98,0,0,0.0,86.9,0.0,4.3,5.8
2022-03-17 03:00:00,-3.4,11.72,0,0,0.0,91.8,0.0,4.3,6.5
2022-03-17 04:00:00,-3.0,12.73,0,0,0.0,89.5,0.0,4.3,4.3
2022-03-17 05:00:00,-3.2,11.66,0,0,0.0,89.5,0.0,4.3,4.3
2022-03-17 06:00:00,-1.0,16.09,0,0,0.0,84.3,0.0,4.3,6.5
2022-03-17 07:00:00,1.3,16.09,0,0,0.0,77.1,0.0,4.3,3.2
2022-03-17 08:00:00,3.5,16.09,1,0,0.0,68.7,0.0,4.3,3.6
2022-03-17 09:00:00,4.8,16.09,1,0,0.0,60.6,0.0,4.3,6.5
2022-03-17 10:00:00,5.1,16.09,1,0,0.0,59.7,0.0,4.3,8.6
2022-03-17 11:00:00,5.5,16.09,1,0,0.0,54.0,0.0,4.3,7.9
2022-03-17 12:00:00,5.6,16.09,1,0,0.0,54.6,0.0,4.3,7.9
2022-03-17 13:00:00,5.6,16.09,1,0,0.0,52.2,0.0,4.3,7.2
2022-03-17 14:00:00,5.4,16.09,0,0,0.0,52.7,0.0,4.3,8.3
2022-03-17 15:00:00,4.9,16.09,0,0,0.0,54.6,0.0,4.3,9.0
2022-03-17 16:00:00,3.1,16.09,0,0,0.0,60.9,0.0,4.3,11.2
2022-03-17 17:00:00,2.0,16.09,0,0,0.0,67.0,0.0,4.3,11.5
2022-03-17 18:00:00,1.6,16.09,0,0,0.0,71.8,0.0,4.3,8.3
2022-03-17 19:00:00,1.1,16.09,0,0,0.0,75.5,0.0,4.3,7.9
2022-03-17 20:00:00,1.3,16.09,0,0,0.0,75.5,0.0,4.3,9.0
2022-03-17 21:00:00,1.6,16.09,0,0,0.0,70.8,0.0,4.3,14.0
2022-03-17 22:00:00,0.9,16.09,0,0,0.0,74.4,0.0,4.3,12.6
2022-03-17 23:00:00,0.7,16.09,0,0,0.0,74.0,0.0,4.3,14.8
2022-03-18 00:00:00,0.8,16.09,0,0,0.0,71.5,0.0,4.3,14.4
2022-03-18 01:00:00,0.8,16.09,0,0,0.0,70.4,0.0,4.3,15.5
2022-03-18 02:00:00,0.8,16.09,0,0,0.0,67.3,0.0,4.3,16.9
2022-03-18 03:00:00,0.6,16.09,0,0,0.0,68.7,0.0,4.3,15.8
2022-03-18 04:00:00,0.6,16.09,0,0,0.0,66.0,0.0,4.3,13.7
2022-03-18 05:00:00,1.0,16.09,0,0,0.0,65.3,0.0,4.3,19.8
2022-03-18 06:00:00,1.3,16.09,0,0,0.0,64.4,0.0,4.3,17.6
2022-03-18 07:00:00,2.1,16.09,0,0,0.0,63.1,0.0,4.3,19.8
2022-03-18 08:00:00,2.8,13.89,1,0,0.0,59.7,0.0,4.3,21.2
2022-03-18 09:00:00,3.2,16.09,1,0,0.0,62.1,0.0,4.3,20.5
2022-03-18 10:00:00,3.9,13.65,1,0,0.0,59.7,0.0,4.3,20.2
2022-03-18 11:00:00,4.1,13.5,1,0,0.0,61.8,0.0,4.3,20.9
2022-03-18 12:00:00,4.5,16.09,1,0,0.0,63.1,0.0,4.3,18.7
2022-03-18 13:00:00,4.4,16.09,0,0,0.0,63.7,0.0,4.3,14.0
2022-03-18 14:00:00,4.1,12.96,0,0,0.0,69.0,0.0,4.3,19.1
2022-03-18 15:00:00,3.5,11.84,0,0,0.0,77.4,0.0,4.3,19.8
2022-03-18 16:00:00,3.3,9.94,0,0,0.0,78.6,0.0,4.3,16.6
2022-03-18 17:00:00,3.3,8.33,0,0,0.0,81.4,0.0,4.3,16.2
2022-03-18 18:00:00,2.9,8.13,0,0,0.0,87.8,0.0,4.3,16.2
2022-03-18 19:00:00,2.7,6.44,0,0,0.0,90.9,0.0,4.3,14.4
2022-03-18 20:00:00,2.5,6.44,0,0,0.0,93.2,0.0,4.3,12.6
2022-03-18 21:00:00,2.3,6.44,0,0,0.0,94.6,0.0,4.3,11.9
2022-03-18 22:00:00,2.2,6.44,0,0,0.0,93.7,0.0,4.3,7.9
2022-03-18 23:00:00,2.2,6.44,0,0,0.0,94.6,0.0,4.3,10.1
2022-03-19 00:00:00,2.3,6.44,0,0,0.0,93.7,0.0,4.3,7.6
2022-03-19 01:00:00,2.2,6.44,0,0,0.0,93.7,0.0,4.3,9.0
2022-03-19 02:00:00,2.2,6.44,0,0,0.0,94.6,0.0,4.3,9.0
2022-03-19 03:00:00,2.4,7.78,0,0,0.0,93.2,0.0,4.3,12.2
2022-03-19 04:00:00,2.2,9.46,0,0,0.0,91.3,0.0,4.3,10.4
2022-03-19 05:00:00,2.1,13.02,0,0,0.0,89.5,0.0,4.3,10.8
2022-03-19 06:00:00,2.5,16.09,0,0,0.0,86.9,0.0,4.3,9.7
2022-03-19 07:00:00,2.8,16.09,0,0,0.0,82.7,0.0,4.3,5.4
2022-03-19 08:00:00,3.6,16.09,1,0,0.0,78.6,0.0,4.3,9.0
2022-03-19 09:00:00,4.5,16.09,1,0,0.0,72.9,0.0,4.3,7.6
2022-03-19 10:00:00,4.5,16.09,1,0,0.0,74.4,0.0,4.3,11.9
2022-03-19 11:00:00,4.4,16.09,1,0,0.0,73.7,0.0,4.3,12.6
2022-03-19 12:00:00,4.4,16.09,1,0,0.0,74.0,0.0,4.3,15.8
2022-03-19 13:00:00,2.9,16.09,1,0,0.0,80.2,0.0,4.3,17.3
2022-03-19 14:00:00,2.5,16.09,0,0,0.0,81.4,0.0,4.3,19.4
2022-03-19 15:00:00,1.5,8.05,0,0,0.0,85.2,0.0,4.3,17.3
2022-03-19 16:00:00,1.6,16.09,0,0,0.0,83.1,0.0,4.3,14.8
2022-03-19 17:00:00,1.1,16.09,0,0,0.0,83.9,0.0,4.3,14.8
2022-03-19 18:00:00,1.1,16.09,0,0,0.0,83.1,0.0,4.3,14.0
2022-03-19 19:00:00,1.4,16.09,0,0,0.0,78.2,0.0,4.3,15.1
2022-03-19 20:00:00,1.3,16.09,0,0,0.0,77.8,0.0,4.3,14.4
2022-03-19 21:00:00,0.9,16.09,0,0,0.0,83.1,0.0,4.3,14.8
2022-03-19 22:00:00,0.8,16.09,0,0,0.0,84.7,0.0,4.3,14.8
2022-03-19 23:00:00,0.8,16.09,0,0,0.0,85.2,0.0,4.3,16.2
2022-03-20 00:00:00,1.0,16.09,0,0,0.0,84.3,0.0,4.3,13.7
2022-03-20 01:00:00,0.9,16.09,0,0,0.0,84.3,0.0,4.3,14.0
2022-03-20 02:00:00,0.5,16.09,0,0,0.0,86.9,0.0,4.3,11.9
2022-03-20 03:00:00,0.3,16.09,0,0,0.0,86.5,0.0,4.3,11.2
2022-03-20 04:00:00,0.3,16.09,0,0,0.0,87.3,0.0,4.3,9.4
2022-03-20 05:00:00,0.9,16.09,0,0,0.0,83.5,0.0,4.3,11.5
2022-03-20 06:00:00,2.7,16.09,0,0,0.0,77.1,0.0,4.3,11.5
2022-03-20 07:00:00,4.8,16.09,1,0,0.0,67.3,0.0,4.3,12.2
2022-03-20 08:00:00,7.6,16.09,1,0,0.0,57.9,0.0,4.3,14.0
2022-03-20 09:00:00,9.1,16.09,1,0,0.0,53.5,0.0,4.3,10.1
2022-03-20 10:00:00,10.3,16.09,1,0,0.0,48.1,0.0,4.3,13.3
2022-03-20 11:00:00,11.6,16.09,1,0,0.0,43.6,0.0,4.3,13.7
2022-03-20 12:00:00,11.4,16.09,1,0,0.0,45.8,0.0,4.3,11.5
2022-03-20 13:00:00,12.0,16.09,1,0,0.0,43.6,0.0,4.3,13.7
2022-03-20 14:00:00,11.5,16.09,0,0,0.0,44.2,0.0,4.3,13.0
2022-03-20 15:00:00,10.7,16.09,0,0,0.0,46.7,0.0,4.3,11.2
2022-03-20 16:00:00,8.6,16.09,0,0,0.0,54.3,0.0,4.3,11.5
2022-03-20 17:00:00,7.7,16.09,0,0,0.0,54.8,0.0,4.3,12.6
2022-03-20 18:00:00,7.0,16.09,0,0,0.0,56.2,0.0,4.3,12.2
2022-03-20 19:00:00,5.6,16.09,0,0,0.0,60.9,0.0,4.3,9.7
2022-03-20 20:00:00,4.6,16.09,0,0,0.0,65.7,0.0,4.3,11.2
2022-03-20 21:00:00,3.7,16.09,0,0,0.0,69.0,0.0,4.3,11.5
2022-03-20 22:00:00,2.9,16.09,0,0,0.0,72.2,0.0,4.3,9.4
2022-03-20 23:00:00,2.3,16.09,0,0,0.0,70.8,0.0,4.3,9.7
2022-03-21 00:00:00,1.5,16.09,0,0,0.0,73.3,0.0,4.3,5.0
2022-03-21 01:00:00,0.7,16.09,0,0,0.0,78.2,0.0,4.3,9.4
2022-03-21 02:00:00,0.3,16.09,0,0,0.0,81.0,0.0,4.3,10.8
2022-03-21 03:00:00,-0.3,16.09,0,0,0.0,84.7,0.0,4.3,7.9
2022-03-21 04:00:00,0.2,16.09,0,0,0.0,82.2,0.0,4.3,8.6
2022-03-21 05:00:00,0.3,16.09,0,0,0.0,82.7,0.0,4.3,9.0
2022-03-21 06:00:00,3.4,16.09,0,0,0.0,70.4,0.0,4.3,5.8
2022-03-21 07:00:00,6.4,16.09,1,0,0.0,58.5,0.0,4.3,6.1
2022-03-21 08:00:00,8.5,16.09,1,0,0.0,47.4,0.0,4.3,11.2
2022-03-21 09:00:00,8.9,16.09,1,0,0.0,48.1,0.0,4.3,10.4
2022-03-21 10:00:00,10.4,16.09,1,0,0.0,37.5,0.0,4.3,20.9
2022-03-21 11:00:00,9.8,16.09,1,0,0.0,40.4,0.0,4.3,14.4
2022-03-21 12:00:00,9.3,16.09,1,0,0.0,44.9,0.0,4.3,16.6
2022-03-21 13:00:00,7.8,16.09,1,0,0.0,58.8,0.0,4.3,20.5
2022-03-21 14:00:00,6.9,16.09,0,0,0.0,60.9,0.0,4.3,16.9
2022-03-21 15:00:00,6.6,16.09,0,0,0.0,60.9,0.0,4.3,16.9
2022-03-21 16:00:00,6.5,11.74,0,0,0.0,56.5,0.0,4.3,14.8
2022-03-21 17:00:00,4.7,16.09,0,0,0.0,68.7,0.0,4.3,14.4
2022-03-21 18:00:00,4.1,16.09,0,0,0.0,72.2,0.0,4.3,14.8
2022-03-21 19:00:00,3.4,16.09,0,0,0.0,73.3,0.0,4.3,15.8
2022-03-21 20:00:00,3.2,16.09,0,0,0.0,71.8,0.0,4.3,14.0
2022-03-21 21:00:00,2.5,16.09,0,0,0.0,71.8,0.0,4.3,11.9
2022-03-21 22:00:00,1.9,16.09,0,0,0.0,72.9,0.0,4.3,11.9
2022-03-21 23:00:00,1.1,15.9,0,0,0.0,75.5,0.0,4.3,11.2
2022-03-22 00:00:00,0.6,14.08,0,0,0.0,81.4,0.0,4.3,8.3
2022-03-22 01:00:00,-0.2,11.24,0,0,0.0,85.2,0.0,4.3,7.9
2022-03-22 02:00:00,-0.7,10.16,0,0,0.0,87.8,0.0,4.3,11.2
2022-03-22 03:00:00,-1.0,8.98,0,0,0.0,88.6,0.0,4.3,11.5
2022-03-22 04:00:00,-1.2,8.05,0,0,0.0,89.5,0.0,4.3,8.6
2022-03-22 05:00:00,0.2,9.15,0,0,0.0,86.9,0.0,4.3,10.8
2022-03-22 06:00:00,1.8,11.17,0,0,0.0,83.1,0.0,4.3,8.6
2022-03-22 07:00:00,3.3,12.78,1,0,0.0,77.8,0.0,4.3,14.8
2022-03-22 08:00:00,4.5,16.09,1,0,0.0,70.8,0.0,4.3,12.6
2022-03-22 09:00:00,5.7,16.09,1,0,0.0,63.7,0.0,4.3,16.6
2022-03-22 10:00:00,6.4,16.09,1,0,0.0,63.4,0.0,4.3,15.5
2022-03-22 11:00:00,6.5,16.09,1,0,0.0,63.4,0.0,4.3,16.9
2022-03-22 12:00:00,6.5,16.09,1,0,0.0,62.5,0.0,4.3,18.7
2022-03-22 13:00:00,6.3,16.09,1,0,0.0,60.3,0.0,4.3,18.7
2022-03-22 14:00:00,6.1,16.09,0,0,0.0,57.9,0.0,4.3,15.8
2022-03-22 15:00:00,5.7,16.09,0,0,0.0,56.2,0.0,4.3,13.3
2022-03-22 16:00:00,4.5,16.09,0,0,0.0,59.4,0.0,4.3,11.2
2022-03-22 17:00:00,3.5,16.09,0,0,0.0,67.0,0.0,4.3,10.1
2022-03-22 18:00:00,2.8,14.94,0,0,0.0,73.3,0.0,4.3,11.9
2022-03-22 19:00:00,3.4,16.09,0,0,0.0,63.7,0.0,4.3,10.8
2022-03-22 20:00:00,2.6,15.51,0,0,0.0,74.0,0.0,4.3,9.7
2022-03-22 21:00:00,2.2,12.41,0,0,0.0,79.8,0.0,4.3,9.7
2022-03-22 22:00:00,1.9,10.96,0,0,0.0,78.2,0.0,4.3,13.3
2022-03-22 23:00:00,1.8,15.28,0,0,0.0,81.8,0.0,4.3,10.8
